L-4906,Dippach
L-4968,Schouweiler
L-4970,Sprinkange
L-4970,Bettange-sur-Mess
L-4971,Bettange-sur-Mess
L-4972,Dippach
L-4973,Dippach
L-4974,Dippach
L-4975,Bettange-sur-Mess
L-4976,Bettange-sur-Mess
L-4977,Bettange-sur-Mess
L-4994,Sprinkange
L-4994,Schouweiler
L-4995,Schouweiler
L-4996,Schouweiler
L-4997,Schouweiler
L-4998,Schouweiler
L-4998,Sprinkange
L-4999,Schouweiler
L-4999,Sprinkange
L-8350,Garnich
L-8351,Dahlem
L-8352,Dahlem
L-8353,Garnich
L-8354,Garnich
L-8355,Garnich
L-8356,Garnich
L-8369,Hivange
L-8376,Kahler
L-8370,Hobscheid
L-8371,Hobscheid
L-8372,Hobscheid
L-8373,Hobscheid
L-8374,Hobscheid
L-8375,Hobscheid
L-8460,Eischen
L-8461,Eischen
L-8462,Eischen
L-8463,Eischen
L-8464,Eischen
L-8465,Eischen
L-8466,Eischen
L-8467,Eischen
L-8468,Eischen
L-8469,Eischen
L-8470,Eischen
L-8471,Eischen
L-8472,Eischen
L-8473,Eischen
L-8474,Eischen
L-8475,Eischen
L-8476,Eischen
L-8477,Eischen
L-8478,Eischen
L-8479,Eischen
L-8480,Eischen
L-7423,Dondelange
L-8185,Kehlen
L-8205,Kehlen
L-8274,Kehlen
L-8280,Kehlen
L-8281,Kehlen
L-8282,Kehlen
L-8283,Kehlen
L-8284,Kehlen
L-8285,Kehlen
L-8286,Kehlen
L-8287,Kehlen
L-8288,Kehlen
L-8289,Kehlen
L-8290,Kehlen
L-8291,Meispelt
L-8292,Meispelt
L-8293,Keispelt
L-8294,Keispelt
L-8295,Kehlen
L-8295,Keispelt
L-8312,Olm
L-8315,Olm
L-8316,Olm
L-8317,Olm
L-8319,Olm
L-8321,Olm
L-8322,Olm
L-8323,Olm
L-8324,Olm
L-8327,Olm
L-8332,Olm
L-8333,Olm
L-8338,Olm
L-8339,Olm
L-8340,Olm
L-8341,Olm
L-8342,Olm
L-8343,Olm
L-8344,Olm
L-8390,Nospelt
L-8391,Nospelt
L-8392,Nospelt
L-8393,Olm
L-8394,Olm
L-8306,Koerich
L-8357,Goeblange
L-8358,Goeblange
L-8359,Goeblange
L-8360,Goetzingen
L-8361,Goetzingen
L-8383,Koerich
L-8384,Koerich
L-8385,Koerich
L-8386,Koerich
L-8387,Koerich
L-8388,Koerich
L-8399,Windhof (Koerich)
L-8116,Bridel
L-8118,Bridel
L-8119,Bridel
L-8120,Bridel
L-8121,Bridel
L-8123,Bridel
L-8124,Bridel
L-8125,Bridel
L-8126,Bridel
L-8127,Bridel
L-8128,Bridel
L-8129,Bridel
L-8131,Bridel
L-8132,Bridel
L-8133,Bridel
L-8134,Bridel
L-8135,Bridel
L-8137,Bridel
L-8138,Bridel
L-8139,Bridel
L-8140,Bridel
L-8141,Bridel
L-8142,Bridel
L-8143,Bridel
L-8145,Bridel
L-8146,Bridel
L-8147,Bridel
L-8149,Bridel
L-8150,Bridel
L-8151,Bridel
L-8152,Bridel
L-8153,Bridel
L-8154,Bridel
L-8156,Bridel
L-8157,Bridel
L-8158,Bridel
L-8159,Bridel
L-8160,Bridel
L-8161,Bridel
L-8165,Bridel
L-8166,Bridel
L-8167,Bridel
L-8179,Kopstal
L-8180,Kopstal
L-8181,Kopstal
L-8182,Kopstal
L-8183,Kopstal
L-8184,Kopstal
L-8185,Kopstal
L-8186,Kopstal
L-8187,Kopstal
L-8188,Kopstal
L-8189,Kopstal
L-8190,Kopstal
L-8191,Kopstal
L-8201,Mamer
L-8209,Mamer
L-8210,Mamer
L-8211,Mamer
L-8212,Mamer
L-8213,Mamer
L-8214,Mamer
L-8215,Mamer
L-8216,Mamer
L-8217,Mamer
L-8218,Mamer
L-8219,Mamer
L-8220,Mamer
L-8221,Mamer
L-8222,Mamer
L-8223,Mamer
L-8224,Mamer
L-8225,Mamer
L-8226,Mamer
L-8227,Mamer
L-8228,Mamer
L-8229,Mamer
L-8230,Mamer
L-8231,Mamer
L-8232,Mamer
L-8233,Mamer
L-8234,Mamer
L-8235,Mamer
L-8236,Mamer
L-8237,Mamer
L-8238,Mamer
L-8239,Mamer
L-8240,Mamer
L-8241,Mamer
L-8242,Mamer
L-8243,Mamer
L-8244,Mamer
L-8245,Mamer
L-8246,Mamer
L-8247,Mamer
L-8248,Mamer
L-8249,Mamer
L-8250,Mamer
L-8251,Mamer
L-8252,Mamer
L-8253,Mamer
L-8254,Mamer
L-8255,Mamer
L-8258,Mamer
L-8259,Mamer
L-8260,Mamer
L-8261,Mamer
L-8262,Mamer
L-8263,Mamer
L-8264,Mamer
L-8265,Mamer
L-8266,Mamer
L-8267,Mamer
L-8268,Mamer
L-8269,Mamer
L-8270,Mamer
L-8271,Mamer
L-8272,Mamer
L-8273,Mamer
L-8277,Holzem
L-8278,Holzem
L-8279,Holzem
L-8301,Capellen
L-8302,Capellen
L-8303,Capellen
L-8308,Capellen
L-8309,Holzem
L-8310,Capellen
L-8311,Capellen
L-8313,Capellen
L-8314,Capellen
L-8317,Capellen
L-8318,Capellen
L-8320,Capellen
L-8323,Capellen
L-8325,Capellen
L-8326,Capellen
L-8328,Capellen
L-8329,Capellen
L-8330,Capellen
L-8331,Capellen
L-8334,Capellen
L-8335,Capellen
L-8336,Capellen
L-8337,Capellen
L-8345,Capellen
L-8348,Capellen
L-8363,Leesbach
L-8363,Simmerfarm
L-8363,Greisch
L-8363,Simmerschmelz
L-8383,Septfontaines
L-8395,Septfontaines
L-8396,Septfontaines
L-8398,Roodt/Eisch
L-8346,Grass
L-8347,Hagen
L-8362,Grass
L-8364,Hagen
L-8365,Hagen
L-8366,Hagen
L-8367,Hagen
L-8368,Hagen
L-8378,Kleinbettingen
L-8379,Kleinbettingen
L-8380,Kleinbettingen
L-8381,Kleinbettingen
L-8389,Grass
L-8401,Steinfort
L-8410,Steinfort
L-8411,Steinfort
L-8412,Steinfort
L-8413,Steinfort
L-8414,Steinfort
L-8415,Steinfort
L-8416,Steinfort
L-8420,Steinfort
L-8421,Steinfort
L-8422,Steinfort
L-8423,Steinfort
L-8424,Steinfort
L-8425,Steinfort
L-8435,Steinfort
L-8436,Steinfort
L-8437,Steinfort
L-8438,Steinfort
L-8440,Steinfort
L-8441,Steinfort
L-8442,Steinfort
L-8443,Steinfort
L-8444,Steinfort
L-8445,Steinfort
L-8447,Steinfort
L-8448,Steinfort
L-8449,Steinfort
L-8450,Steinfort
L-8451,Steinfort
L-8452,Steinfort
L-8453,Steinfort
L-4795,Linger
L-4796,Linger
L-4797,Linger
L-4798,Linger
L-4901,Bascharage
L-4902,Bascharage
L-4907,Bascharage
L-4908,Bascharage
L-4909,Bascharage
L-4910,Hautcharage
L-4911,Bascharage
L-4912,Bascharage
L-4913,Hautcharage
L-4914,Bascharage
L-4915,Hautcharage
L-4916,Bascharage
L-4917,Bascharage
L-4918,Bascharage
L-4919,Bascharage
L-4920,Bascharage
L-4921,Hautcharage
L-4922,Bascharage
L-4923,Hautcharage
L-4924,Hautcharage
L-4925,Bascharage
L-4926,Bascharage
L-4927,Hautcharage
L-4928,Bascharage
L-4929,Hautcharage
L-4930,Bascharage
L-4931,Hautcharage
L-4932,Hautcharage
L-4933,Bascharage
L-4934,Hautcharage
L-4935,Hautcharage
L-4936,Bascharage
L-4937,Hautcharage
L-4938,Bascharage
L-4939,Bascharage
L-4940,Hautcharage
L-4940,Bascharage
L-4941,Bascharage
L-4942,Bascharage
L-4942,Hautcharage
L-4943,Hautcharage
L-4944,Bascharage
L-4945,Hautcharage
L-4945,Bascharage
L-4946,Bascharage
L-4947,Hautcharage
L-4947,Bascharage
L-4948,Bascharage
L-4949,Hautcharage
L-4950,Bascharage
L-4951,Bascharage
L-4952,Bascharage
L-4953,Hautcharage
L-4954,Bascharage
L-4955,Bascharage
L-4956,Hautcharage
L-4957,Hautcharage
L-4958,Bascharage
L-4959,Bascharage
L-4960,Clemency
L-4961,Clemency
L-4962,Clemency
L-4963,Clemency
L-4964,Clemency
L-4965,Clemency
L-4966,Clemency
L-4967,Clemency
L-4969,Hautcharage
L-4978,Fingig
L-4979,Fingig
L-9631,Allerborn
L-9641,Brachtenbach
L-9645,Derenbach
L-9672,Niederwampach
L-9673,Oberwampach
L-9684,Schimpach
L-9740,Boevange
L-9741,Boxhorn
L-9742,Boxhorn
L-9743,Crendal
L-9744,Deiffelt
L-9745,Doennange
L-9752,Hamiville
L-9754,Hinterhassel
L-9761,Lentzweiler
L-9762,Lullange
L-9770,Rumlange
L-9771,Stockem
L-9772,Troine
L-9773,Troine-Route
L-9779,Lentzweiler
L-9780,Wincrange
L-9902,Cinqfontaines
L-9940,Asselborn
L-9956,Hachiville
L-9960,Hoffelt
L-9974,Maulusmühle
L-9976,Sassel
L-9982,Weiler
L-9701,Clervaux
L-9706,Clervaux
L-9707,Clervaux
L-9708,Clervaux
L-9709,Clervaux
L-9710,Clervaux
L-9711,Clervaux
L-9712,Clervaux
L-9713,Clervaux
L-9714,Clervaux
L-9715,Clervaux
L-9737,Clervaux
L-9738,Eselborn
L-9746,Drauffelt
L-9748,Eselborn
L-9749,Fischbach
L-9751,Grindhausen
L-9753,Heinerscheid
L-9755,Hupperdange
L-9756,Kaesfurt
L-9757,Kalborn
L-9758,Tintesmühle
L-9759,Kirelshof
L-9763,Marnach
L-9764,Marnach
L-9765,Kaaspelterhof
L-9765,Mecher
L-9765,Wirtgensmühle
L-9766,Munshausen
L-9768,Reuler
L-9769,Roder
L-9774,Urspelt
L-9775,Weicherdange
L-9779,Eselborn
L-9840,Siebenaler
L-9968,Lausdorn
L-9968,Fossenhof
L-9972,Lieler
L-9901,Troisvierges
L-9903,Troisvierges
L-9905,Troisvierges
L-9906,Troisvierges
L-9907,Troisvierges
L-9908,Troisvierges
L-9909,Troisvierges
L-9910,Troisvierges
L-9911,Troisvierges
L-9912,Troisvierges
L-9913,Troisvierges
L-9942,Basbellain
L-9943,Hautbellain
L-9948,Biwisch
L-9952,Drinklange
L-9954,Goedange
L-9964,Huldange
L-9980,Wilwerdange
L-9981,Wilwerdange
L-9944,Beiler
L-9946,Binsfeld
L-9950,Breidfeld
L-9962,Holler
L-9966,Kaesfurt
L-9968,Hollermühle
L-9968,Kleemühle
L-9968,Rossmühle
L-9970,Leithum
L-9990,Weiswampach
L-9991,Weiswampach
L-9992,Weiswampach
L-9993,Weiswampach
L-9994,Weiswampach
L-9999,Wemperhardt
L-9183,Oberschlinder
L-9183,Unterschlinder
L-9376,Hoscheid
L-9377,Hoscheid
L-9378,Hoscheid
L-9801,Hosingen
L-9805,Hosingen
L-9806,Hosingen
L-9807,Hosingen
L-9808,Hosingen
L-9809,Hosingen
L-9810,Hosingen
L-9830,Bockholtz
L-9831,Consthum
L-9833,Dorscheid
L-9834,Holzthum
L-9835,Hoscheid-Dickt
L-9836,Hosingen
L-9837,Neidhausen
L-9838,Eisenbach
L-9839,Rodershausen
L-9841,Wahlhausen
L-9221,Gilsdorf
L-9352,Bettendorf
L-9353,Bettendorf
L-9354,Bettendorf
L-9355,Bettendorf
L-9356,Bettendorf
L-9357,Bettendorf
L-9359,Bettendorf
L-9364,Moestroff
L-9369,Gilsdorf
L-9370,Gilsdorf
L-9371,Gilsdorf
L-9372,Gilsdorf
L-9373,Gilsdorf
L-9374,Gilsdorf
L-9381,Moestroff
L-9382,Moestroff
L-9140,Bourscheid
L-9153,Goebelsmühle
L-9153,Dirbach
L-9163,Kehmen
L-9164,Lipperscheid
L-9164,Bourscheid-Plage
L-9164,Bourscheid-Moulin
L-9171,Michelau
L-9172,Michelau
L-9182,Scheidel
L-9183,Friedbusch
L-9183,Schlindermanderscheid
L-9191,Welscheid
L-9340,Flebour
L-9378,Closdelt
L-9378,Lipperscheid
L-9378,Flebour
L-9378,Enteschbach
L-9201,Diekirch
L-9202,Diekirch
L-9203,Diekirch
L-9205,Diekirch
L-9206,Diekirch
L-9207,Diekirch
L-9208,Diekirch
L-9209,Diekirch
L-9210,Diekirch
L-9211,Diekirch
L-9212,Diekirch
L-9213,Diekirch
L-9214,Diekirch
L-9215,Diekirch
L-9216,Diekirch
L-9217,Diekirch
L-9218,Diekirch
L-9220,Diekirch
L-9221,Diekirch
L-9224,Diekirch
L-9225,Diekirch
L-9226,Diekirch
L-9227,Diekirch
L-9228,Diekirch
L-9229,Diekirch
L-9230,Diekirch
L-9231,Diekirch
L-9232,Diekirch
L-9233,Diekirch
L-9234,Diekirch
L-9235,Diekirch
L-9236,Diekirch
L-9237,Diekirch
L-9238,Diekirch
L-9239,Diekirch
L-9240,Diekirch
L-9241,Diekirch
L-9242,Diekirch
L-9243,Diekirch
L-9244,Diekirch
L-9245,Diekirch
L-9249,Diekirch
L-9250,Diekirch
L-9251,Diekirch
L-9252,Diekirch
L-9253,Diekirch
L-9254,Diekirch
L-9255,Diekirch
L-9256,Diekirch
L-9257,Diekirch
L-9258,Diekirch
L-9259,Diekirch
L-9260,Diekirch
L-9261,Diekirch
L-9262,Diekirch
L-9263,Diekirch
L-9264,Diekirch
L-9265,Diekirch
L-9266,Diekirch
L-9267,Diekirch
L-9268,Diekirch
L-9273,Diekirch
L-9275,Diekirch
L-9276,Diekirch
L-9277,Diekirch
L-9278,Diekirch
L-9279,Diekirch
L-9280,Diekirch
L-9281,Diekirch
L-9282,Diekirch
L-9283,Diekirch
L-9284,Diekirch
L-9285,Diekirch
L-9286,Diekirch
L-9287,Diekirch
L-9288,Diekirch
L-9289,Diekirch
L-9290,Diekirch
L-9291,Diekirch
L-9292,Diekirch
L-9293,Diekirch
L-9294,Diekirch
L-9330,Diekirch
L-9370,Diekirch
L-9099,Ingeldorf
L-9142,Burden
L-9145,Erpeldange-sur-Sûre
L-9146,Erpeldange-sur-Sûre
L-9147,Ingeldorf
L-9147,Erpeldange-sur-Sûre
L-9160,Ingeldorf
L-9161,Ingeldorf
L-9172,Burden
L-9172,Erpeldange-sur-Sûre
L-9378,Erpeldange-sur-Sûre
L-7758,Grentzingen
L-9001,Ettelbruck
L-9002,Ettelbruck
L-9003,Ettelbruck
L-9004,Ettelbruck
L-9010,Ettelbruck
L-9011,Ettelbruck
L-9012,Ettelbruck
L-9013,Ettelbruck
L-9014,Ettelbruck
L-9015,Ettelbruck
L-9016,Ettelbruck
L-9017,Ettelbruck
L-9018,Warken
L-9019,Warken
L-9020,Ettelbruck
L-9021,Ettelbruck
L-9022,Ettelbruck
L-9023,Ettelbruck
L-9024,Ettelbruck
L-9025,Ettelbruck
L-9026,Ettelbruck
L-9027,Ettelbruck
L-9028,Warken
L-9029,Warken
L-9030,Warken
L-9031,Warken
L-9032,Warken
L-9033,Warken
L-9040,Ettelbruck
L-9041,Ettelbruck
L-9042,Ettelbruck
L-9043,Ettelbruck
L-9044,Ettelbruck
L-9045,Ettelbruck
L-9046,Ettelbruck
L-9047,Ettelbruck
L-9048,Ettelbruck
L-9050,Ettelbruck
L-9051,Ettelbruck
L-9052,Ettelbruck
L-9053,Ettelbruck
L-9054,Ettelbruck
L-9055,Ettelbruck
L-9056,Ettelbruck
L-9057,Ettelbruck
L-9060,Ettelbruck
L-9061,Ettelbruck
L-9062,Ettelbruck
L-9063,Ettelbruck
L-9064,Ettelbruck
L-9065,Ettelbruck
L-9066,Ettelbruck
L-9067,Ettelbruck
L-9068,Ettelbruck
L-9069,Ettelbruck
L-9070,Ettelbruck
L-9071,Ettelbruck
L-9072,Ettelbruck
L-9079,Ettelbruck
L-9080,Ettelbruck
L-9081,Ettelbruck
L-9082,Ettelbruck
L-9083,Ettelbruck
L-9084,Ettelbruck
L-9085,Ettelbruck
L-9086,Ettelbruck
L-9087,Ettelbruck
L-9088,Ettelbruck
L-9089,Ettelbruck
L-9090,Warken
L-9091,Ettelbruck
L-9092,Ettelbruck
L-9093,Ettelbruck
L-9094,Ettelbruck
L-9098,Ettelbruck
L-9045,Niederfeulen
L-9156,Niederfeulen
L-9175,Niederfeulen
L-9176,Niederfeulen
L-9177,Niederfeulen
L-9179,Oberfeulen
L-9180,Oberfeulen
L-9166,Mertzig
L-9167,Mertzig
L-9168,Mertzig
L-9169,Mertzig
L-9170,Mertzig
L-6311,Reisdorf
L-6340,Bigelbach
L-9390,Reisdorf
L-9391,Reisdorf
L-9392,Wallendorf-Pont
L-9456,Hoesdorf
L-7738,Colmar-Pont
L-7758,Birtrange
L-9115,Schieren
L-9116,Schieren
L-9117,Schieren
L-9118,Schieren
L-9119,Schieren
L-9120,Schieren
L-9121,Schieren
L-9122,Schieren
L-9123,Schieren
L-9124,Schieren
L-9125,Schieren
L-9126,Schieren
L-9127,Schieren
L-9128,Schieren
L-9129,Schieren
L-9130,Schieren
L-9131,Schieren
L-9132,Schieren
L-9133,Schieren
L-9134,Schieren
L-9135,Schieren
L-9136,Schieren
L-9137,Schieren
L-9184,Schieren
L-6380,Ermsdorf
L-6380,Medernach
L-6380,Savelborn
L-7622,Medernach
L-7633,Medernach
L-7634,Medernach
L-7660,Medernach
L-7661,Medernach
L-7662,Medernach
L-7663,Medernach
L-7664,Medernach
L-9186,Stegen
L-9364,Keiwelbach
L-9365,Eppeldorf
L-9366,Ermsdorf
L-9368,Folkendange
L-6301,Beaufort
L-6310,Beaufort
L-6311,Beaufort
L-6312,Beaufort
L-6313,Beaufort
L-6314,Beaufort
L-6315,Beaufort
L-6316,Beaufort
L-6350,Dillingen
L-6360,Grundhof
L-6225,Kobenbour
L-6225,Hersberg
L-6225,Altrier
L-6230,Bech
L-6231,Bech
L-6243,Hemstal
L-6246,Rippig
L-6251,Geyershof
L-6255,Zittig
L-7639,Blumenthal
L-6214,Kalkesbach (Berdorf)
L-6360,Grundhof (Berdorf)
L-6550,Berdorf
L-6551,Berdorf
L-6552,Berdorf
L-6553,Berdorf
L-6555,Bollendorf-Pont
L-6562,Berdorf
L-6590,Weilerbach
L-6201,Consdorf
L-6210,Consdorf
L-6211,Consdorf
L-6212,Consdorf
L-6213,Consdorf
L-6214,Consdorf
L-6214,Kalkesbach (Consdorf)
L-6215,Consdorf
L-6238,Breidweiler
L-6239,Colbette
L-6239,Marscherwald
L-6250,Consdorf
L-6250,Scheidgen
L-6251,Scheidgen
L-6252,Wolper
L-6401,Echternach
L-6402,Echternach
L-6408,Echternach
L-6409,Echternach
L-6410,Echternach
L-6411,Echternach
L-6412,Echternach
L-6413,Echternach
L-6414,Echternach
L-6415,Echternach
L-6416,Echternach
L-6417,Echternach
L-6418,Echternach
L-6419,Echternach
L-6420,Echternach
L-6421,Echternach
L-6422,Echternach
L-6423,Echternach
L-6430,Echternach
L-6431,Echternach
L-6432,Echternach
L-6433,Echternach
L-6434,Echternach
L-6435,Echternach
L-6436,Echternach
L-6437,Echternach
L-6438,Echternach
L-6439,Echternach
L-6440,Echternach
L-6441,Echternach
L-6442,Echternach
L-6443,Echternach
L-6445,Echternach
L-6446,Echternach
L-6447,Echternach
L-6448,Echternach
L-6449,Echternach
L-6450,Echternach
L-6451,Echternach
L-6452,Echternach
L-6453,Echternach
L-6454,Echternach
L-6455,Echternach
L-6460,Echternach
L-6461,Echternach
L-6462,Echternach
L-6463,Echternach
L-6464,Echternach
L-6465,Echternach
L-6466,Echternach
L-6467,Echternach
L-6468,Echternach
L-6469,Echternach
L-6470,Echternach
L-6471,Echternach
L-6472,Echternach
L-6473,Echternach
L-6474,Echternach
L-6475,Echternach
L-6476,Echternach
L-6477,Echternach
L-6478,Echternach
L-6479,Echternach
L-6480,Echternach
L-6481,Echternach
L-6482,Echternach
L-6483,Echternach
L-6484,Echternach
L-6485,Echternach
L-6486,Echternach
L-6487,Echternach
L-6488,Echternach
L-6490,Echternach
L-6491,Echternach
L-6492,Echternach
L-6493,Echternach
L-6494,Echternach
L-6495,Echternach
L-6496,Echternach
L-6497,Echternach
L-6499,Echternach
L-6562,Echternach
L-6572,Echternach
L-6231,Lilien
L-6660,Born
L-6661,Born
L-6663,Boursdorf
L-6665,Herborn
L-6666,Givenich
L-6690,Moersdorf
L-6691,Moersdorf
L-6692,Moersdorf
L-6695,Mompach
L-6557,Dickweiler
L-6558,Girsterklaus
L-6558,Rosport
L-6559,Girst
L-6560,Hinkel
L-6570,Osweiler
L-6571,Osweiler
L-6572,Osweiler
L-6579,Rosport
L-6580,Rosport
L-6581,Rosport
L-6582,Rosport
L-6583,Rosport
L-6585,Steinheim
L-6586,Steinheim
L-6587,Steinheim
L-6245,Mullerthal
L-6370,Haller
L-6380,Savelborn (Waldbillig)
L-7634,Haller
L-7634,Waldbillig
L-7640,Christnach
L-7641,Christnach
L-7649,Freckeisen
L-7680,Waldbillig
L-7681,Waldbillig
L-3201,Bettembourg
L-3208,Bettembourg
L-3209,Bettembourg
L-3210,Bettembourg
L-3211,Bettembourg
L-3212,Bettembourg
L-3213,Bettembourg
L-3214,Bettembourg
L-3215,Bettembourg
L-3216,Bettembourg
L-3217,Bettembourg
L-3218,Bettembourg
L-3219,Bettembourg
L-3220,Bettembourg
L-3221,Bettembourg
L-3222,Bettembourg
L-3223,Bettembourg
L-3224,Bettembourg
L-3225,Bettembourg
L-3229,Bettembourg
L-3230,Bettembourg
L-3231,Bettembourg
L-3232,Bettembourg
L-3233,Bettembourg
L-3234,Bettembourg
L-3235,Bettembourg
L-3236,Bettembourg
L-3237,Bettembourg
L-3238,Bettembourg
L-3239,Bettembourg
L-3240,Bettembourg
L-3241,Bettembourg
L-3242,Bettembourg
L-3243,Bettembourg
L-3249,Bettembourg
L-3250,Bettembourg
L-3251,Bettembourg
L-3252,Bettembourg
L-3253,Bettembourg
L-3254,Bettembourg
L-3255,Bettembourg
L-3256,Bettembourg
L-3257,Bettembourg
L-3258,Bettembourg
L-3259,Bettembourg
L-3260,Bettembourg
L-3261,Bettembourg
L-3265,Bettembourg
L-3266,Bettembourg
L-3267,Bettembourg
L-3269,Bettembourg
L-3270,Bettembourg
L-3271,Bettembourg
L-3272,Bettembourg
L-3273,Bettembourg
L-3274,Bettembourg
L-3275,Bettembourg
L-3276,Bettembourg
L-3277,Bettembourg
L-3278,Bettembourg
L-3279,Bettembourg
L-3280,Bettembourg
L-3281,Bettembourg
L-3282,Bettembourg
L-3283,Bettembourg
L-3284,Bettembourg
L-3285,Bettembourg
L-3286,Bettembourg
L-3287,Bettembourg
L-3288,Bettembourg
L-3290,Bettembourg
L-3311,Abweiler
L-3332,Fennange
L-3340,Fennange
L-3340,Huncherange
L-3341,Huncherange
L-3380,Noertzange
L-3382,Noertzange
L-3383,Noertzange
L-3384,Noertzange
L-3385,Noertzange
L-3386,Noertzange
L-4501,Differdange
L-4502,Differdange
L-4503,Differdange
L-4504,Oberkorn
L-4505,Niederkorn
L-4506,Niederkorn
L-4507,Differdange
L-4508,Differdange
L-4509,Niederkorn
L-4510,Oberkorn
L-4511,Differdange
L-4512,Niederkorn
L-4513,Niederkorn
L-4514,Differdange
L-4515,Differdange
L-4516,Differdange
L-4517,Oberkorn
L-4518,Differdange
L-4519,Differdange
L-4520,Niederkorn
L-4521,Differdange
L-4522,Oberkorn
L-4523,Oberkorn
L-4524,Differdange
L-4525,Niederkorn
L-4526,Niederkorn
L-4527,Oberkorn
L-4528,Differdange
L-4529,Differdange
L-4530,Differdange
L-4531,Differdange
L-4531,Oberkorn
L-4532,Differdange
L-4533,Niederkorn
L-4534,Differdange
L-4535,Differdange
L-4536,Differdange
L-4537,Differdange
L-4538,Oberkorn
L-4539,Oberkorn
L-4540,Differdange
L-4540,Oberkorn
L-4541,Differdange
L-4542,Differdange
L-4543,Differdange
L-4544,Differdange
L-4545,Differdange
L-4546,Differdange
L-4547,Differdange
L-4548,Differdange
L-4549,Differdange
L-4550,Oberkorn
L-4551,Niederkorn
L-4552,Niederkorn
L-4553,Niederkorn
L-4554,Oberkorn
L-4555,Niederkorn
L-4556,Differdange
L-4557,Niederkorn
L-4558,Oberkorn
L-4559,Differdange
L-4560,Differdange
L-4561,Oberkorn
L-4562,Niederkorn
L-4563,Niederkorn
L-4564,Differdange
L-4565,Niederkorn
L-4569,Oberkorn
L-4570,Niederkorn
L-4571,Oberkorn
L-4572,Niederkorn
L-4573,Differdange
L-4574,Differdange
L-4575,Differdange
L-4576,Niederkorn
L-4577,Differdange
L-4578,Niederkorn
L-4579,Oberkorn
L-4580,Differdange
L-4581,Differdange
L-4582,Differdange
L-4583,Differdange
L-4590,Oberkorn
L-4591,Differdange
L-4592,Oberkorn
L-4593,Differdange
L-4594,Differdange
L-4595,Differdange
L-4596,Differdange
L-4597,Differdange
L-4598,Niederkorn
L-4599,Differdange
L-4601,Niederkorn
L-4601,Differdange
L-4602,Niederkorn
L-4603,Differdange
L-4604,Differdange
L-4605,Differdange
L-4606,Oberkorn
L-4607,Differdange
L-4608,Differdange
L-4609,Niederkorn
L-4610,Niederkorn
L-4611,Niederkorn
L-4612,Niederkorn
L-4613,Differdange
L-4620,Differdange
L-4621,Differdange
L-4622,Oberkorn
L-4623,Differdange
L-4624,Oberkorn
L-4625,Differdange
L-4626,Oberkorn
L-4627,Differdange
L-4628,Differdange
L-4629,Differdange
L-4630,Differdange
L-4631,Oberkorn
L-4632,Differdange
L-4633,Differdange
L-4634,Differdange
L-4635,Differdange
L-4636,Differdange
L-4638,Differdange
L-4639,Differdange
L-4640,Oberkorn
L-4640,Differdange
L-4641,Oberkorn
L-4642,Differdange
L-4643,Niederkorn
L-4644,Niederkorn
L-4645,Niederkorn
L-4646,Niederkorn
L-4647,Differdange
L-4648,Differdange
L-4649,Oberkorn
L-4650,Niederkorn
L-4651,Differdange
L-4653,Differdange
L-4654,Differdange
L-4656,Niederkorn
L-4657,Differdange
L-4658,Oberkorn
L-4660,Differdange
L-4661,Niederkorn
L-4662,Differdange
L-4663,Differdange
L-4664,Niederkorn
L-4665,Oberkorn
L-4666,Niederkorn
L-4667,Oberkorn
L-4668,Differdange
L-4669,Differdange
L-4670,Differdange
L-4671,Oberkorn
L-4672,Oberkorn
L-4676,Niederkorn
L-4677,Differdange
L-4678,Niederkorn
L-4679,Oberkorn
L-4680,Niederkorn
L-4681,Niederkorn
L-4682,Differdange
L-4683,Differdange
L-4683,Niederkorn
L-4684,Differdange
L-4685,Oberkorn
L-4686,Niederkorn
L-4687,Differdange
L-4687,Oberkorn
L-4688,Differdange
L-4689,Differdange
L-4690,Differdange
L-4691,Differdange
L-4692,Differdange
L-4693,Differdange
L-4696,Lasauvage
L-4697,Lasauvage
L-4698,Lasauvage
L-3401,Dudelange
L-3402,Dudelange
L-3403,Dudelange
L-3409,Dudelange
L-3410,Dudelange
L-3411,Dudelange
L-3412,Dudelange
L-3413,Dudelange
L-3414,Dudelange
L-3415,Dudelange
L-3416,Dudelange
L-3417,Dudelange
L-3418,Dudelange
L-3419,Dudelange
L-3420,Dudelange
L-3421,Dudelange
L-3422,Dudelange
L-3423,Dudelange
L-3424,Dudelange
L-3425,Dudelange
L-3426,Dudelange
L-3427,Dudelange
L-3428,Dudelange
L-3429,Dudelange
L-3430,Dudelange
L-3431,Dudelange
L-3432,Dudelange
L-3433,Dudelange
L-3434,Dudelange
L-3435,Dudelange
L-3436,Dudelange
L-3439,Dudelange
L-3440,Dudelange
L-3441,Dudelange
L-3442,Dudelange
L-3443,Dudelange
L-3444,Dudelange
L-3445,Dudelange
L-3446,Dudelange
L-3447,Dudelange
L-3448,Dudelange
L-3449,Dudelange
L-3450,Dudelange
L-3451,Dudelange
L-3452,Dudelange
L-3453,Dudelange
L-3454,Dudelange
L-3460,Dudelange
L-3461,Dudelange
L-3462,Dudelange
L-3463,Dudelange
L-3464,Dudelange
L-3465,Dudelange
L-3466,Dudelange
L-3467,Dudelange
L-3468,Dudelange
L-3469,Dudelange
L-3470,Dudelange
L-3471,Dudelange
L-3472,Dudelange
L-3473,Dudelange
L-3474,Dudelange
L-3475,Dudelange
L-3476,Dudelange
L-3480,Dudelange
L-3481,Dudelange
L-3482,Dudelange
L-3483,Dudelange
L-3484,Dudelange
L-3485,Dudelange
L-3486,Dudelange
L-3487,Dudelange
L-3488,Dudelange
L-3489,Dudelange
L-3490,Dudelange
L-3491,Dudelange
L-3492,Dudelange
L-3493,Dudelange
L-3501,Dudelange
L-3502,Dudelange
L-3503,Dudelange
L-3504,Dudelange
L-3505,Dudelange
L-3506,Dudelange
L-3507,Dudelange
L-3508,Dudelange
L-3509,Dudelange
L-3510,Dudelange
L-3511,Dudelange
L-3512,Dudelange
L-3513,Dudelange
L-3514,Dudelange
L-3515,Dudelange
L-3516,Dudelange
L-3517,Dudelange
L-3520,Dudelange
L-3521,Dudelange
L-3522,Dudelange
L-3523,Dudelange
L-3524,Dudelange
L-3525,Dudelange
L-3526,Dudelange
L-3529,Dudelange
L-3530,Dudelange
L-3531,Dudelange
L-3532,Dudelange
L-3539,Dudelange
L-3540,Dudelange
L-3541,Dudelange
L-3542,Dudelange
L-3543,Dudelange
L-3544,Dudelange
L-3545,Dudelange
L-3546,Dudelange
L-3547,Dudelange
L-3548,Dudelange
L-3549,Dudelange
L-3550,Dudelange
L-3551,Dudelange
L-3552,Dudelange
L-3553,Dudelange
L-3554,Dudelange
L-3555,Dudelange
L-3560,Dudelange
L-3561,Dudelange
L-3562,Dudelange
L-3563,Dudelange
L-3564,Dudelange
L-3565,Dudelange
L-3566,Dudelange
L-3567,Dudelange
L-3568,Dudelange
L-3569,Dudelange
L-3570,Dudelange
L-3571,Dudelange
L-3572,Dudelange
L-3573,Dudelange
L-3574,Dudelange
L-3575,Dudelange
L-3576,Dudelange
L-3582,Dudelange
L-3583,Dudelange
L-3584,Dudelange
L-3585,Dudelange
L-3588,Dudelange
L-3589,Dudelange
L-3590,Dudelange
L-3591,Dudelange
L-3592,Dudelange
L-3593,Dudelange
L-3594,Dudelange
L-3595,Dudelange
L-3596,Dudelange
L-3597,Dudelange
L-3598,Dudelange
L-4001,Esch-sur-Alzette
L-4002,Esch-sur-Alzette
L-4003,Esch-sur-Alzette
L-4004,Esch-sur-Alzette
L-4005,Esch-sur-Alzette
L-4006,Esch-sur-Alzette
L-4007,Esch-sur-Alzette
L-4008,Esch-sur-Alzette
L-4009,Esch-sur-Alzette
L-4010,Esch-sur-Alzette
L-4011,Esch-sur-Alzette
L-4012,Esch-sur-Alzette
L-4013,Esch-sur-Alzette
L-4014,Esch-sur-Alzette
L-4015,Esch-sur-Alzette
L-4016,Esch-sur-Alzette
L-4017,Esch-sur-Alzette
L-4018,Esch-sur-Alzette
L-4019,Esch-sur-Alzette
L-4020,Esch-sur-Alzette
L-4021,Esch-sur-Alzette
L-4022,Esch-sur-Alzette
L-4023,Esch-sur-Alzette
L-4024,Esch-sur-Alzette
L-4025,Esch-sur-Alzette
L-4026,Esch-sur-Alzette
L-4027,Esch-sur-Alzette
L-4028,Esch-sur-Alzette
L-4029,Esch-sur-Alzette
L-4030,Esch-sur-Alzette
L-4031,Esch-sur-Alzette
L-4032,Esch-sur-Alzette
L-4033,Esch-sur-Alzette
L-4034,Esch-sur-Alzette
L-4035,Esch-sur-Alzette
L-4036,Esch-sur-Alzette
L-4037,Esch-sur-Alzette
L-4038,Esch-sur-Alzette
L-4039,Esch-sur-Alzette
L-4040,Esch-sur-Alzette
L-4041,Esch-sur-Alzette
L-4042,Esch-sur-Alzette
L-4043,Esch-sur-Alzette
L-4044,Esch-sur-Alzette
L-4045,Esch-sur-Alzette
L-4046,Esch-sur-Alzette
L-4047,Esch-sur-Alzette
L-4048,Esch-sur-Alzette
L-4049,Esch-sur-Alzette
L-4050,Esch-sur-Alzette
L-4051,Esch-sur-Alzette
L-4052,Esch-sur-Alzette
L-4053,Esch-sur-Alzette
L-4054,Esch-sur-Alzette
L-4055,Esch-sur-Alzette
L-4057,Esch-sur-Alzette
L-4058,Esch-sur-Alzette
L-4059,Esch-sur-Alzette
L-4060,Esch-sur-Alzette
L-4061,Esch-sur-Alzette
L-4062,Esch-sur-Alzette
L-4063,Esch-sur-Alzette
L-4064,Esch-sur-Alzette
L-4065,Esch-sur-Alzette
L-4066,Esch-sur-Alzette
L-4067,Esch-sur-Alzette
L-4068,Esch-sur-Alzette
L-4069,Esch-sur-Alzette
L-4070,Esch-sur-Alzette
L-4071,Esch-sur-Alzette
L-4072,Esch-sur-Alzette
L-4073,Esch-sur-Alzette
L-4074,Esch-sur-Alzette
L-4080,Esch-sur-Alzette
L-4081,Esch-sur-Alzette
L-4082,Esch-sur-Alzette
L-4083,Esch-sur-Alzette
L-4084,Esch-sur-Alzette
L-4085,Esch-sur-Alzette
L-4086,Esch-sur-Alzette
L-4088,Esch-sur-Alzette
L-4100,Esch-sur-Alzette
L-4101,Esch-sur-Alzette
L-4102,Esch-sur-Alzette
L-4103,Esch-sur-Alzette
L-4105,Esch-sur-Alzette
L-4106,Esch-sur-Alzette
L-4107,Esch-sur-Alzette
L-4108,Esch-sur-Alzette
L-4109,Esch-sur-Alzette
L-4110,Esch-sur-Alzette
L-4111,Esch-sur-Alzette
L-4112,Esch-sur-Alzette
L-4113,Esch-sur-Alzette
L-4114,Esch-sur-Alzette
L-4115,Esch-sur-Alzette
L-4116,Esch-sur-Alzette
L-4118,Esch-sur-Alzette
L-4119,Esch-sur-Alzette
L-4120,Esch-sur-Alzette
L-4121,Esch-sur-Alzette
L-4122,Esch-sur-Alzette
L-4123,Esch-sur-Alzette
L-4125,Esch-sur-Alzette
L-4126,Esch-sur-Alzette
L-4130,Esch-sur-Alzette
L-4131,Esch-sur-Alzette
L-4132,Esch-sur-Alzette
L-4133,Esch-sur-Alzette
L-4134,Esch-sur-Alzette
L-4135,Esch-sur-Alzette
L-4136,Esch-sur-Alzette
L-4137,Esch-sur-Alzette
L-4138,Esch-sur-Alzette
L-4139,Esch-sur-Alzette
L-4140,Esch-sur-Alzette
L-4141,Esch-sur-Alzette
L-4142,Esch-sur-Alzette
L-4143,Esch-sur-Alzette
L-4149,Esch-sur-Alzette
L-4150,Esch-sur-Alzette
L-4151,Esch-sur-Alzette
L-4152,Esch-sur-Alzette
L-4153,Esch-sur-Alzette
L-4154,Esch-sur-Alzette
L-4155,Esch-sur-Alzette
L-4156,Esch-sur-Alzette
L-4164,Esch-sur-Alzette
L-4165,Esch-sur-Alzette
L-4166,Esch-sur-Alzette
L-4167,Esch-sur-Alzette
L-4168,Esch-sur-Alzette
L-4169,Esch-sur-Alzette
L-4170,Esch-sur-Alzette
L-4171,Esch-sur-Alzette
L-4172,Esch-sur-Alzette
L-4173,Esch-sur-Alzette
L-4174,Esch-sur-Alzette
L-4175,Esch-sur-Alzette
L-4176,Esch-sur-Alzette
L-4177,Esch-sur-Alzette
L-4178,Esch-sur-Alzette
L-4179,Esch-sur-Alzette
L-4180,Esch-sur-Alzette
L-4201,Esch-sur-Alzette
L-4202,Esch-sur-Alzette
L-4203,Esch-sur-Alzette
L-4204,Esch-sur-Alzette
L-4205,Esch-sur-Alzette
L-4206,Esch-sur-Alzette
L-4207,Esch-sur-Alzette
L-4208,Esch-sur-Alzette
L-4209,Esch-sur-Alzette
L-4210,Esch-sur-Alzette
L-4211,Esch-sur-Alzette
L-4213,Esch-sur-Alzette
L-4214,Esch-sur-Alzette
L-4216,Esch-sur-Alzette
L-4217,Esch-sur-Alzette
L-4220,Esch-sur-Alzette
L-4221,Esch-sur-Alzette
L-4222,Esch-sur-Alzette
L-4230,Esch-sur-Alzette
L-4231,Esch-sur-Alzette
L-4232,Esch-sur-Alzette
L-4233,Esch-sur-Alzette
L-4234,Esch-sur-Alzette
L-4235,Esch-sur-Alzette
L-4236,Esch-sur-Alzette
L-4237,Esch-sur-Alzette
L-4238,Esch-sur-Alzette
L-4239,Esch-sur-Alzette
L-4240,Esch-sur-Alzette
L-4241,Esch-sur-Alzette
L-4242,Esch-sur-Alzette
L-4243,Esch-sur-Alzette
L-4244,Esch-sur-Alzette
L-4245,Esch-sur-Alzette
L-4246,Esch-sur-Alzette
L-4247,Esch-sur-Alzette
L-4248,Esch-sur-Alzette
L-4249,Esch-sur-Alzette
L-4250,Esch-sur-Alzette
L-4251,Esch-sur-Alzette
L-4252,Esch-sur-Alzette
L-4253,Esch-sur-Alzette
L-4254,Esch-sur-Alzette
L-4255,Esch-sur-Alzette
L-4256,Esch-sur-Alzette
L-4260,Esch-sur-Alzette
L-4261,Esch-sur-Alzette
L-4262,Esch-sur-Alzette
L-4263,Esch-sur-Alzette
L-4264,Esch-sur-Alzette
L-4265,Esch-sur-Alzette
L-4266,Esch-sur-Alzette
L-4267,Esch-sur-Alzette
L-4268,Esch-sur-Alzette
L-4270,Esch-sur-Alzette
L-4271,Esch-sur-Alzette
L-4272,Esch-sur-Alzette
L-4275,Esch-sur-Alzette
L-4276,Esch-sur-Alzette
L-4277,Esch-sur-Alzette
L-4278,Esch-sur-Alzette
L-4279,Esch-sur-Alzette
L-4280,Esch-sur-Alzette
L-4281,Esch-sur-Alzette
L-4282,Esch-sur-Alzette
L-4283,Esch-sur-Alzette
L-4289,Esch-sur-Alzette
L-4301,Esch-sur-Alzette
L-4302,Esch-sur-Alzette
L-4303,Esch-sur-Alzette
L-4304,Esch-sur-Alzette
L-4305,Esch-sur-Alzette
L-4306,Esch-sur-Alzette
L-4307,Esch-sur-Alzette
L-4308,Esch-sur-Alzette
L-4309,Esch-sur-Alzette
L-4310,Esch-sur-Alzette
L-4314,Esch-sur-Alzette
L-4315,Esch-sur-Alzette
L-4316,Esch-sur-Alzette
L-4317,Esch-sur-Alzette
L-4318,Esch-sur-Alzette
L-4319,Esch-sur-Alzette
L-4320,Esch-sur-Alzette
L-4321,Esch-sur-Alzette
L-4322,Esch-sur-Alzette
L-4323,Esch-sur-Alzette
L-4324,Esch-sur-Alzette
L-4325,Esch-sur-Alzette
L-4326,Esch-sur-Alzette
L-4327,Esch-sur-Alzette
L-4328,Esch-sur-Alzette
L-4330,Esch-sur-Alzette
L-4331,Esch-sur-Alzette
L-4332,Esch-sur-Alzette
L-4333,Esch-sur-Alzette
L-4334,Esch-sur-Alzette
L-4335,Esch-sur-Alzette
L-4336,Esch-sur-Alzette
L-4337,Esch-sur-Alzette
L-4340,Esch-sur-Alzette
L-4341,Esch-sur-Alzette
L-4342,Esch-sur-Alzette
L-4343,Esch-sur-Alzette
L-4344,Esch-sur-Alzette
L-4345,Esch-sur-Alzette
L-4346,Esch-sur-Alzette
L-4347,Esch-sur-Alzette
L-4348,Esch-sur-Alzette
L-4349,Esch-sur-Alzette
L-4350,Esch-sur-Alzette
L-4351,Esch-sur-Alzette
L-4352,Esch-sur-Alzette
L-4353,Esch-sur-Alzette
L-4354,Esch-sur-Alzette
L-4355,Esch-sur-Alzette
L-4359,Esch-sur-Alzette
L-4360,Esch-sur-Alzette
L-4361,Esch-sur-Alzette
L-4362,Esch-sur-Alzette
L-4363,Esch-sur-Alzette
L-4364,Esch-sur-Alzette
L-4365,Esch-sur-Alzette
L-4366,Esch-sur-Alzette
L-4369,Esch-sur-Alzette
L-4370,Esch-sur-Alzette
L-4374,Esch-sur-Alzette
L-3333,Hellange
L-3334,Hellange
L-3335,Hellange
L-3336,Hellange
L-3337,Hellange
L-5701,Aspelt
L-5710,Aspelt
L-5711,Aspelt
L-5712,Aspelt
L-5713,Aspelt
L-5714,Aspelt
L-5716,Aspelt
L-5717,Aspelt
L-5718,Aspelt
L-5719,Aspelt
L-5720,Aspelt
L-5721,Aspelt
L-5722,Aspelt
L-5723,Aspelt
L-5730,Aspelt
L-5750,Frisange
L-5751,Frisange
L-5752,Frisange
L-5753,Frisange
L-5754,Frisange
L-5755,Frisange
L-5756,Frisange
L-3601,Kayl
L-3611,Kayl
L-3612,Kayl
L-3613,Kayl
L-3614,Kayl
L-3615,Kayl
L-3616,Kayl
L-3617,Kayl
L-3620,Kayl
L-3621,Kayl
L-3622,Kayl
L-3630,Kayl
L-3631,Kayl
L-3635,Kayl
L-3636,Kayl
L-3637,Kayl
L-3638,Kayl
L-3640,Kayl
L-3641,Kayl
L-3642,Kayl
L-3643,Kayl
L-3644,Kayl
L-3650,Kayl
L-3651,Kayl
L-3652,Kayl
L-3653,Kayl
L-3654,Kayl
L-3655,Kayl
L-3656,Kayl
L-3657,Kayl
L-3658,Kayl
L-3660,Kayl
L-3670,Kayl
L-3671,Kayl
L-3672,Kayl
L-3673,Kayl
L-3674,Kayl
L-3675,Kayl
L-3676,Kayl
L-3677,Kayl
L-3678,Kayl
L-3679,Kayl
L-3680,Kayl
L-3681,Kayl
L-3682,Kayl
L-3761,Tétange
L-3762,Tétange
L-3763,Tétange
L-3764,Tétange
L-3765,Tétange
L-3766,Tétange
L-3767,Tétange
L-3768,Tétange
L-3770,Tétange
L-3771,Tétange
L-3772,Tétange
L-3773,Tétange
L-3774,Tétange
L-3775,Tétange
L-3776,Tétange
L-3780,Tétange
L-3781,Kayl
L-3781,Tétange
L-3782,Tétange
L-3784,Tétange
L-3786,Tétange
L-3787,Tétange
L-3788,Tétange
L-3789,Tétange
L-3790,Tétange
L-3345,Leudelange
L-3346,Leudelange
L-3347,Leudelange
L-3348,Leudelange
L-3349,Leudelange
L-3350,Leudelange
L-3351,Leudelange
L-3352,Leudelange
L-3353,Leudelange
L-3354,Leudelange
L-3355,Leudelange
L-3356,Leudelange
L-3357,Leudelange
L-3358,Leudelange
L-3359,Leudelange
L-3360,Leudelange
L-3361,Leudelange
L-3362,Leudelange
L-3363,Leudelange
L-3364,Leudelange
L-3365,Leudelange
L-3366,Leudelange
L-3367,Leudelange
L-3368,Leudelange
L-3369,Leudelange
L-3370,Leudelange
L-3371,Leudelange
L-3372,Leudelange
L-3373,Leudelange
L-3374,Leudelange
L-3375,Leudelange
L-3376,Leudelange
L-3377,Leudelange
L-3313,Bergem
L-3314,Bergem
L-3315,Bergem
L-3316,Bergem
L-3317,Bergem
L-3318,Bergem
L-3895,Foetz
L-3896,Foetz
L-3897,Foetz
L-3898,Foetz
L-3899,Foetz
L-3901,Mondercange
L-3909,Mondercange
L-3910,Mondercange
L-3911,Mondercange
L-3912,Mondercange
L-3913,Mondercange
L-3914,Mondercange
L-3915,Mondercange
L-3916,Mondercange
L-3917,Mondercange
L-3918,Mondercange
L-3919,Mondercange
L-3920,Mondercange
L-3921,Mondercange
L-3922,Mondercange
L-3923,Mondercange
L-3924,Mondercange
L-3925,Mondercange
L-3926,Mondercange
L-3927,Mondercange
L-3928,Mondercange
L-3929,Mondercange
L-3930,Mondercange
L-3931,Mondercange
L-3932,Mondercange
L-3933,Mondercange
L-3934,Mondercange
L-3935,Mondercange
L-3936,Mondercange
L-3937,Mondercange
L-3938,Mondercange
L-3939,Mondercange
L-3940,Mondercange
L-3941,Mondercange
L-3943,Mondercange
L-3944,Mondercange
L-3945,Mondercange
L-4390,Pontpierre
L-4391,Pontpierre
L-4392,Pontpierre
L-4393,Pontpierre
L-4394,Pontpierre
L-4395,Pontpierre
L-4396,Pontpierre
L-4397,Pontpierre
L-4398,Pontpierre
L-4702,Pétange
L-4706,Lamadelaine
L-4707,Pétange
L-4708,Pétange
L-4709,Pétange
L-4710,Pétange
L-4711,Pétange
L-4712,Pétange
L-4713,Pétange
L-4714,Pétange
L-4715,Pétange
L-4716,Pétange
L-4717,Pétange
L-4718,Pétange
L-4719,Pétange
L-4720,Pétange
L-4721,Pétange
L-4722,Pétange
L-4730,Pétange
L-4731,Pétange
L-4732,Pétange
L-4733,Pétange
L-4734,Pétange
L-4735,Pétange
L-4736,Pétange
L-4737,Pétange
L-4738,Pétange
L-4739,Pétange
L-4740,Pétange
L-4741,Pétange
L-4742,Pétange
L-4743,Pétange
L-4744,Lamadelaine
L-4744,Pétange
L-4745,Pétange
L-4750,Pétange
L-4751,Pétange
L-4752,Pétange
L-4753,Pétange
L-4754,Pétange
L-4755,Pétange
L-4756,Pétange
L-4757,Pétange
L-4758,Pétange
L-4759,Pétange
L-4760,Pétange
L-4761,Pétange
L-4762,Pétange
L-4763,Pétange
L-4770,Pétange
L-4771,Pétange
L-4772,Pétange
L-4773,Pétange
L-4774,Pétange
L-4775,Pétange
L-4776,Pétange
L-4777,Pétange
L-4778,Pétange
L-4779,Pétange
L-4780,Pétange
L-4781,Pétange
L-4782,Pétange
L-4783,Pétange
L-4784,Pétange
L-4785,Pétange
L-4786,Pétange
L-4801,Rodange
L-4802,Lamadelaine
L-4804,Rodange
L-4805,Rodange
L-4806,Rodange
L-4807,Rodange
L-4808,Rodange
L-4809,Rodange
L-4810,Rodange
L-4811,Rodange
L-4812,Rodange
L-4813,Rodange
L-4814,Rodange
L-4815,Rodange
L-4818,Rodange
L-4819,Rodange
L-4820,Rodange
L-4822,Rodange
L-4823,Rodange
L-4824,Rodange
L-4825,Rodange
L-4826,Rodange
L-4829,Rodange
L-4830,Rodange
L-4831,Rodange
L-4832,Rodange
L-4833,Rodange
L-4834,Rodange
L-4837,Rodange
L-4838,Rodange
L-4839,Rodange
L-4840,Rodange
L-4842,Rodange
L-4843,Rodange
L-4844,Rodange
L-4845,Rodange
L-4846,Rodange
L-4847,Rodange
L-4848,Rodange
L-4849,Rodange
L-4850,Rodange
L-4853,Rodange
L-4870,Lamadelaine
L-4871,Lamadelaine
L-4872,Lamadelaine
L-4873,Lamadelaine
L-4874,Lamadelaine
L-4875,Lamadelaine
L-4876,Lamadelaine
L-4877,Lamadelaine
L-4878,Lamadelaine
L-4879,Lamadelaine
L-4880,Lamadelaine
L-4881,Lamadelaine
L-4882,Lamadelaine
L-4883,Lamadelaine
L-4884,Lamadelaine
L-4885,Lamadelaine
L-4886,Lamadelaine
L-4887,Lamadelaine
L-4888,Lamadelaine
L-4889,Lamadelaine
L-4890,Lamadelaine
L-4891,Lamadelaine
L-4892,Lamadelaine
L-4893,Lamadelaine
L-4894,Lamadelaine
L-4895,Lamadelaine
L-4908,Pétange
L-3392,Roedgen
L-3393,Roedgen
L-3960,Ehlange
L-3961,Ehlange
L-3980,Wickrange
L-3985,Pissange
L-4499,Limpach
L-4980,Reckange-sur-Mess
L-4981,Reckange-sur-Mess
L-4982,Reckange-sur-Mess
L-1896,Kockelscheuer
L-1897,Kockelscheuer
L-1898,Kockelscheuer
L-1899,Kockelscheuer
L-3320,Berchem
L-3320,Bivange
L-3321,Berchem
L-3322,Bivange
L-3323,Bivange
L-3324,Bivange
L-3325,Berchem
L-3326,Crauthem
L-3327,Crauthem
L-3328,Crauthem
L-3329,Crauthem
L-3330,Crauthem
L-3378,Livange
L-3381,Livange
L-3389,Peppange
L-3390,Peppange
L-3391,Peppange
L-3394,Roeser
L-3395,Roeser
L-3396,Roeser
L-3397,Roeser
L-3398,Roeser
L-3701,Rumelange
L-3710,Rumelange
L-3711,Rumelange
L-3712,Rumelange
L-3713,Rumelange
L-3714,Rumelange
L-3715,Rumelange
L-3716,Rumelange
L-3717,Rumelange
L-3718,Rumelange
L-3719,Rumelange
L-3720,Rumelange
L-3721,Rumelange
L-3722,Rumelange
L-3723,Rumelange
L-3724,Rumelange
L-3725,Rumelange
L-3726,Rumelange
L-3727,Rumelange
L-3728,Rumelange
L-3729,Rumelange
L-3730,Rumelange
L-3731,Rumelange
L-3733,Rumelange
L-3734,Rumelange
L-3735,Rumelange
L-3736,Rumelange
L-3737,Rumelange
L-3738,Rumelange
L-3739,Rumelange
L-3740,Rumelange
L-3741,Rumelange
L-3742,Rumelange
L-3743,Rumelange
L-3744,Rumelange
L-3750,Rumelange
L-3751,Rumelange
L-3752,Rumelange
L-3753,Rumelange
L-3754,Rumelange
L-3755,Rumelange
L-4367,Belvaux
L-4368,Belvaux
L-4370,Belvaux
L-4371,Belvaux
L-4372,Belvaux
L-4373,Belvaux
L-4380,Ehlerange
L-4381,Ehlerange
L-4382,Ehlerange
L-4383,Ehlerange
L-4384,Ehlerange
L-4385,Ehlerange
L-4401,Belvaux
L-4402,Belvaux
L-4405,Soleuvre
L-4406,Belvaux
L-4407,Belvaux
L-4408,Belvaux
L-4409,Belvaux
L-4410,Soleuvre
L-4411,Soleuvre
L-4412,Belvaux
L-4413,Soleuvre
L-4414,Soleuvre
L-4415,Soleuvre
L-4416,Belvaux
L-4417,Soleuvre
L-4418,Soleuvre
L-4419,Belvaux
L-4420,Soleuvre
L-4421,Soleuvre
L-4422,Belvaux
L-4423,Soleuvre
L-4424,Belvaux
L-4425,Belvaux
L-4426,Belvaux
L-4427,Belvaux
L-4428,Belvaux
L-4429,Belvaux
L-4430,Belvaux
L-4431,Belvaux
L-4432,Soleuvre
L-4433,Soleuvre
L-4434,Soleuvre
L-4435,Soleuvre
L-4436,Belvaux
L-4437,Soleuvre
L-4438,Soleuvre
L-4439,Soleuvre
L-4440,Soleuvre
L-4441,Soleuvre
L-4442,Soleuvre
L-4443,Belvaux
L-4444,Belvaux
L-4445,Belvaux
L-4446,Belvaux
L-4447,Soleuvre
L-4448,Soleuvre
L-4449,Soleuvre
L-4450,Belvaux
L-4451,Belvaux
L-4452,Belvaux
L-4453,Belvaux
L-4454,Belvaux
L-4459,Soleuvre
L-4460,Soleuvre
L-4460,Belvaux
L-4461,Belvaux
L-4462,Belvaux
L-4463,Soleuvre
L-4464,Soleuvre
L-4465,Soleuvre
L-4466,Soleuvre
L-4467,Soleuvre
L-4468,Belvaux
L-4469,Soleuvre
L-4470,Soleuvre
L-4471,Belvaux
L-4472,Belvaux
L-4473,Belvaux
L-4474,Belvaux
L-4475,Soleuvre
L-4475,Belvaux
L-4476,Belvaux
L-4477,Belvaux
L-4478,Belvaux
L-4479,Soleuvre
L-4480,Soleuvre
L-4480,Belvaux
L-4481,Belvaux
L-4482,Soleuvre
L-4482,Belvaux
L-4483,Soleuvre
L-4484,Soleuvre
L-4485,Soleuvre
L-4486,Soleuvre
L-4487,Belvaux
L-4488,Belvaux
L-4489,Belvaux
L-4490,Belvaux
L-4491,Belvaux
L-4492,Soleuvre
L-4493,Soleuvre
L-4494,Soleuvre
L-4498,Sanem
L-4521,Soleuvre
L-4984,Sanem
L-4985,Sanem
L-4986,Sanem
L-4987,Sanem
L-4988,Sanem
L-4989,Sanem
L-4990,Sanem
L-4991,Sanem
L-4992,Sanem
L-4993,Sanem
L-3801,Schifflange
L-3810,Schifflange
L-3811,Schifflange
L-3812,Schifflange
L-3813,Schifflange
L-3814,Schifflange
L-3815,Schifflange
L-3816,Schifflange
L-3817,Schifflange
L-3818,Schifflange
L-3819,Schifflange
L-3820,Schifflange
L-3821,Schifflange
L-3822,Schifflange
L-3823,Schifflange
L-3824,Schifflange
L-3825,Schifflange
L-3826,Schifflange
L-3830,Schifflange
L-3831,Schifflange
L-3832,Schifflange
L-3833,Schifflange
L-3834,Schifflange
L-3835,Schifflange
L-3836,Schifflange
L-3837,Schifflange
L-3838,Schifflange
L-3839,Schifflange
L-3840,Schifflange
L-3841,Schifflange
L-3842,Schifflange
L-3843,Schifflange
L-3844,Schifflange
L-3850,Schifflange
L-3851,Schifflange
L-3852,Schifflange
L-3853,Schifflange
L-3854,Schifflange
L-3855,Schifflange
L-3856,Schifflange
L-3857,Schifflange
L-3858,Schifflange
L-3859,Schifflange
L-3860,Schifflange
L-3861,Schifflange
L-3862,Schifflange
L-3863,Schifflange
L-3864,Schifflange
L-3870,Schifflange
L-3871,Schifflange
L-3872,Schifflange
L-3873,Schifflange
L-3874,Schifflange
L-3875,Schifflange
L-3876,Schifflange
L-3877,Schifflange
L-3878,Schifflange
L-3879,Schifflange
L-3880,Schifflange
L-3881,Schifflange
L-3882,Schifflange
L-3883,Schifflange
L-3884,Schifflange
L-4149,Schifflange
L-6815,Betzdorf
L-6832,Betzdorf
L-6901,Roodt-sur-Syre
L-6910,Roodt-sur-Syre
L-6911,Roodt-sur-Syre
L-6912,Roodt-sur-Syre
L-6913,Roodt-sur-Syre
L-6914,Roodt-sur-Syre
L-6915,Roodt-sur-Syre
L-6916,Roodt-sur-Syre
L-6917,Roodt-sur-Syre
L-6918,Mensdorf
L-6919,Roodt-sur-Syre
L-6921,Roodt-sur-Syre
L-6922,Berg
L-6923,Berg
L-6930,Mensdorf
L-6931,Mensdorf
L-6933,Mensdorf
L-6934,Mensdorf
L-6950,Olingen
L-6951,Olingen
L-6833,Biwer
L-6834,Biwerbach
L-6834,Biwer
L-6835,Boudlerbach
L-6835,Boudler
L-6836,Breinert
L-6837,Brouch (Wecker)
L-6838,Hagelsdorf
L-6852,Wecker-Gare
L-6868,Wecker
L-6868,Wecker-Gare
L-6869,Wecker
L-6870,Wecker
L-6871,Wecker
L-6880,Weydig
L-5410,Beyren
L-5424,Gostingen
L-5425,Gostingen
L-5433,Niederdonven
L-5434,Niederdonven
L-5435,Oberdonven
L-6925,Flaxweiler
L-6926,Flaxweiler
L-6701,Grevenmacher
L-6711,Grevenmacher
L-6712,Grevenmacher
L-6713,Grevenmacher
L-6714,Grevenmacher
L-6715,Grevenmacher
L-6716,Grevenmacher
L-6717,Grevenmacher
L-6718,Grevenmacher
L-6719,Grevenmacher
L-6720,Grevenmacher
L-6721,Grevenmacher
L-6722,Grevenmacher
L-6723,Grevenmacher
L-6724,Grevenmacher
L-6725,Grevenmacher
L-6726,Grevenmacher
L-6730,Grevenmacher
L-6731,Grevenmacher
L-6732,Grevenmacher
L-6733,Grevenmacher
L-6734,Grevenmacher
L-6735,Grevenmacher
L-6736,Grevenmacher
L-6737,Grevenmacher
L-6738,Grevenmacher
L-6739,Grevenmacher
L-6740,Grevenmacher
L-6741,Grevenmacher
L-6742,Grevenmacher
L-6743,Grevenmacher
L-6744,Grevenmacher
L-6745,Grevenmacher
L-6750,Grevenmacher
L-6751,Grevenmacher
L-6752,Grevenmacher
L-6753,Grevenmacher
L-6754,Grevenmacher
L-6755,Grevenmacher
L-6756,Grevenmacher
L-6757,Grevenmacher
L-6758,Grevenmacher
L-6759,Grevenmacher
L-6760,Grevenmacher
L-6761,Grevenmacher
L-6762,Grevenmacher
L-6763,Grevenmacher
L-6764,Grevenmacher
L-6765,Grevenmacher
L-6770,Grevenmacher
L-6771,Grevenmacher
L-6772,Grevenmacher
L-6773,Grevenmacher
L-6774,Grevenmacher
L-6775,Grevenmacher
L-6776,Grevenmacher
L-6777,Grevenmacher
L-6778,Grevenmacher
L-6779,Grevenmacher
L-6780,Grevenmacher
L-6781,Grevenmacher
L-6782,Grevenmacher
L-6783,Grevenmacher
L-6784,Grevenmacher
L-6785,Grevenmacher
L-6786,Grevenmacher
L-6790,Grevenmacher
L-6791,Grevenmacher
L-6792,Grevenmacher
L-6793,Grevenmacher
L-6794,Grevenmacher
L-6795,Grevenmacher
L-6796,Grevenmacher
L-6101,Junglinster
L-6111,Junglinster
L-6112,Junglinster
L-6113,Junglinster
L-6114,Junglinster
L-6115,Junglinster
L-6116,Junglinster
L-6117,Junglinster
L-6118,Junglinster
L-6119,Junglinster
L-6120,Junglinster
L-6121,Junglinster
L-6122,Junglinster
L-6123,Junglinster
L-6124,Junglinster
L-6125,Junglinster
L-6129,Junglinster
L-6130,Junglinster
L-6131,Junglinster
L-6132,Junglinster
L-6133,Junglinster
L-6134,Junglinster
L-6135,Junglinster
L-6136,Junglinster
L-6137,Junglinster
L-6138,Junglinster
L-6139,Junglinster
L-6140,Junglinster
L-6141,Junglinster
L-6142,Junglinster
L-6143,Junglinster
L-6144,Junglinster
L-6145,Junglinster
L-6146,Junglinster
L-6147,Junglinster
L-6148,Junglinster
L-6149,Junglinster
L-6150,Altlinster
L-6160,Bourglinster
L-6161,Bourglinster
L-6162,Bourglinster
L-6163,Bourglinster
L-6169,Eschweiler
L-6170,Godbrange
L-6171,Godbrange
L-6180,Gonderange
L-6181,Gonderange
L-6182,Gonderange
L-6183,Gonderange
L-6184,Gonderange
L-6185,Gonderange
L-6186,Gonderange
L-6187,Gonderange
L-6188,Gonderange
L-6189,Gonderange
L-6190,Gonderange
L-6195,Imbringen
L-6196,Eisenborn
L-6197,Eisenborn
L-6235,Beidweiler
L-6240,Graulinster
L-6955,Rodenbourg
L-6956,Rodenbourg
L-6830,Berbourg
L-6831,Berbourg
L-6839,Lellig
L-6850,Manternach
L-6851,Manternach
L-6858,Münschecker
L-6601,Wasserbillig
L-6610,Wasserbillig
L-6611,Wasserbillig
L-6612,Wasserbillig
L-6613,Wasserbillig
L-6614,Wasserbillig
L-6615,Wasserbillig
L-6616,Wasserbillig
L-6617,Wasserbillig
L-6618,Wasserbillig
L-6619,Wasserbillig
L-6620,Wasserbillig
L-6621,Wasserbillig
L-6622,Wasserbillig
L-6623,Wasserbillig
L-6630,Wasserbillig
L-6631,Wasserbillig
L-6632,Wasserbillig
L-6633,Wasserbillig
L-6634,Wasserbillig
L-6635,Wasserbillig
L-6636,Wasserbillig
L-6637,Wasserbillig
L-6638,Wasserbillig
L-6645,Wasserbillig
L-6646,Wasserbillig
L-6647,Wasserbillig
L-6648,Wasserbillig
L-6649,Wasserbillig
L-6650,Wasserbillig
L-6651,Wasserbillig
L-6655,Wasserbillig
L-6669,Mertert
L-6670,Mertert
L-6671,Mertert
L-6672,Mertert
L-6673,Mertert
L-6674,Mertert
L-6675,Mertert
L-6676,Mertert
L-6677,Mertert
L-6678,Mertert
L-6680,Mertert
L-6681,Mertert
L-6682,Mertert
L-6683,Mertert
L-6684,Mertert
L-6685,Mertert
L-6686,Mertert
L-6687,Mertert
L-6688,Mertert
L-6689,Mertert
L-6693,Mertert
L-5401,Ahn
L-5416,Ehnen
L-5417,Ehnen
L-5418,Ehnen
L-5419,Ehnen
L-5432,Kapenacker
L-5480,Wormeldange
L-5481,Wormeldange
L-5482,Wormeldange
L-5483,Wormeldange
L-5485,Wormeldange-Haut
L-5488,Ehnen
L-5489,Ehnen
L-6840,Machtum
L-6841,Machtum
L-6842,Machtum
L-8005,Bertrange
L-8006,Bertrange
L-8007,Bertrange
L-8011,Bertrange
L-8041,Bertrange
L-8050,Bertrange
L-8051,Bertrange
L-8052,Bertrange
L-8053,Bertrange
L-8054,Bertrange
L-8055,Bertrange
L-8057,Bertrange
L-8058,Bertrange
L-8059,Bertrange
L-8060,Bertrange
L-8061,Bertrange
L-8062,Bertrange
L-8063,Bertrange
L-8064,Bertrange
L-8065,Bertrange
L-8066,Bertrange
L-8067,Bertrange
L-8068,Bertrange
L-8069,Bertrange
L-8070,Bertrange
L-8071,Bertrange
L-8072,Bertrange
L-8074,Bertrange
L-8075,Bertrange
L-8076,Bertrange
L-8077,Bertrange
L-8078,Bertrange
L-8079,Bertrange
L-8080,Bertrange
L-8081,Bertrange
L-8082,Bertrange
L-8083,Bertrange
L-8084,Bertrange
L-8085,Bertrange
L-8086,Bertrange
L-8087,Bertrange
L-8088,Bertrange
L-8089,Bertrange
L-8090,Bertrange
L-8091,Bertrange
L-8092,Bertrange
L-8093,Bertrange
L-8094,Bertrange
L-8095,Bertrange
L-8096,Bertrange
L-8117,Bertrange
L-8268,Bertrange
L-5310,Contern
L-5312,Contern
L-5313,Contern
L-5314,Contern
L-5315,Contern
L-5316,Contern
L-5317,Contern
L-5318,Contern
L-5320,Contern
L-5322,Contern
L-5324,Contern
L-5324,Oetrange
L-5326,Contern
L-5328,Medingen
L-5330,Moutfort
L-5331,Oetrange
L-5331,Moutfort
L-5332,Moutfort
L-5333,Moutfort
L-5334,Moutfort
L-5335,Moutfort
L-5336,Moutfort
L-5337,Moutfort
L-5339,Moutfort
L-5340,Moutfort
L-5341,Moutfort
L-5351,Oetrange
L-5352,Oetrange
L-5353,Oetrange
L-5355,Oetrange
L-1137,Howald
L-1216,Howald
L-1223,Howald
L-1228,Howald
L-1231,Howald
L-1232,Howald
L-1274,Howald
L-1350,Howald
L-1353,Howald
L-1363,Howald
L-1423,Howald
L-1455,Howald
L-1467,Howald
L-1508,Howald
L-1625,Howald
L-1749,Howald
L-1813,Howald
L-1816,Itzig
L-1818,Howald
L-1842,Howald
L-1867,Howald
L-1949,Howald
L-2112,Howald
L-2129,Howald
L-2272,Howald
L-2317,Howald
L-2319,Howald
L-2370,Howald
L-2412,Howald
L-2416,Howald
L-2425,Howald
L-2446,Howald
L-2524,Howald
L-2529,Howald
L-2545,Howald
L-2610,Howald
L-2611,Howald
L-2723,Howald
L-2727,Howald
L-5280,Itzig
L-5801,Hesperange
L-5808,Fentange
L-5809,Hesperange
L-5810,Hesperange
L-5811,Fentange
L-5812,Hesperange
L-5813,Fentange
L-5814,Fentange
L-5815,Alzingen
L-5816,Hesperange
L-5817,Fentange
L-5818,Alzingen
L-5819,Alzingen
L-5820,Fentange
L-5821,Howald
L-5822,Hesperange
L-5823,Fentange
L-5824,Alzingen
L-5825,Fentange
L-5826,Hesperange
L-5826,Fentange
L-5828,Fentange
L-5829,Alzingen
L-5830,Alzingen
L-5830,Hesperange
L-5831,Hesperange
L-5832,Fentange
L-5833,Alzingen
L-5834,Hesperange
L-5835,Alzingen
L-5836,Alzingen
L-5837,Fentange
L-5838,Fentange
L-5839,Fentange
L-5840,Hesperange
L-5841,Hesperange
L-5842,Hesperange
L-5843,Fentange
L-5844,Alzingen
L-5846,Fentange
L-5850,Howald
L-5852,Hesperange
L-5853,Fentange
L-5854,Alzingen
L-5855,Hesperange
L-5856,Hesperange
L-5859,Hesperange
L-5860,Hesperange
L-5861,Fentange
L-5862,Fentange
L-5862,Hesperange
L-5863,Hesperange
L-5863,Alzingen
L-5864,Fentange
L-5865,Alzingen
L-5866,Hesperange
L-5867,Fentange
L-5868,Alzingen
L-5869,Alzingen
L-5870,Alzingen
L-5871,Alzingen
L-5872,Alzingen
L-5873,Alzingen
L-5874,Hesperange
L-5875,Alzingen
L-5876,Hesperange
L-5878,Hesperange
L-5880,Hesperange
L-5884,Howald
L-5884,Hesperange
L-5885,Howald
L-5885,Hesperange
L-5886,Alzingen
L-5886,Hesperange
L-5887,Alzingen
L-5887,Hesperange
L-5888,Alzingen
L-5889,Fentange
L-5890,Hesperange
L-5890,Alzingen
L-5891,Fentange
L-5892,Alzingen
L-5893,Hesperange
L-5894,Alzingen
L-5895,Alzingen
L-5896,Alzingen
L-5940,Hesperange
L-5941,Hesperange
L-5942,Itzig
L-5943,Itzig
L-5950,Itzig
L-5951,Itzig
L-5952,Itzig
L-5953,Itzig
L-5954,Itzig
L-5955,Itzig
L-5956,Itzig
L-5957,Itzig
L-5958,Itzig
L-5959,Itzig
L-5960,Itzig
L-5961,Itzig
L-5962,Itzig
L-5963,Itzig
L-5964,Itzig
L-5969,Itzig
L-5970,Itzig
L-5971,Itzig
L-5972,Itzig
L-5973,Itzig
L-5974,Itzig
L-5975,Itzig
L-5976,Itzig
L-5977,Itzig
L-5978,Itzig
L-1209,Senningerberg
L-1239,Senningerberg
L-1245,Senningerberg
L-1259,Senningerberg
L-1448,Senningerberg
L-1638,Senningerberg
L-1646,Senningerberg
L-1670,Senningerberg
L-1709,Senningerberg
L-1736,Senningerberg
L-1748,Senningerberg
L-2170,Senningerberg
L-2315,Senningerberg
L-2357,Senningerberg
L-2434,Senningerberg
L-2443,Senningerberg
L-2513,Senningerberg
L-2633,Senningerberg
L-6165,Ernster
L-6166,Ernster
L-6905,Niederanven
L-6906,Niederanven
L-6939,Niederanven
L-6940,Niederanven
L-6941,Niederanven
L-6942,Niederanven
L-6943,Niederanven
L-6944,Niederanven
L-6945,Niederanven
L-6946,Niederanven
L-6947,Niederanven
L-6948,Niederanven
L-6960,Senningen
L-6961,Senningen
L-6962,Senningen
L-6969,Oberanven
L-6970,Oberanven
L-6970,Hostert
L-6971,Hostert
L-6972,Rameldange
L-6973,Rameldange
L-6974,Rameldange
L-6975,Rameldange
L-6976,Oberanven
L-6977,Oberanven
L-6978,Hostert
L-6979,Rameldange
L-6980,Rameldange
L-6981,Rameldange
L-6982,Oberanven
L-6985,Hostert
L-6986,Oberanven
L-6987,Rameldange
L-6988,Hostert
L-6989,Hostert
L-6990,Rameldange
L-6990,Hostert
L-6991,Rameldange
L-6992,Oberanven
L-6995,Rameldange
L-6996,Hostert
L-6996,Oberanven
L-6996,Rameldange
L-6997,Oberanven
L-6998,Hostert
L-6999,Oberanven
L-1319,Findel
L-1523,Findel
L-1748,Findel
L-1751,Findel
L-2220,Findel
L-2632,Findel
L-5201,Sandweiler
L-5211,Sandweiler
L-5212,Sandweiler
L-5213,Sandweiler
L-5214,Sandweiler
L-5215,Sandweiler
L-5216,Sandweiler
L-5217,Sandweiler
L-5218,Sandweiler
L-5219,Sandweiler
L-5220,Sandweiler
L-5221,Sandweiler
L-5222,Sandweiler
L-5230,Sandweiler
L-5231,Sandweiler
L-5232,Sandweiler
L-5233,Sandweiler
L-5234,Sandweiler
L-5235,Sandweiler
L-5236,Sandweiler
L-5237,Sandweiler
L-5238,Sandweiler
L-5239,Sandweiler
L-5240,Sandweiler
L-5241,Sandweiler
L-5243,Sandweiler
L-5244,Sandweiler
L-5250,Sandweiler
L-5251,Sandweiler
L-5252,Sandweiler
L-5253,Sandweiler
L-5254,Sandweiler
L-5255,Sandweiler
L-5256,Sandweiler
L-5280,Sandweiler
L-5290,Neuhaeusgen
L-5291,Neuhaeusgen
L-5299,Schrassig
L-5342,Schuttrange
L-5359,Schuttrange
L-5360,Schrassig
L-5361,Schrassig
L-5362,Schrassig
L-5363,Schrassig
L-5364,Schrassig
L-5365,Munsbach
L-5366,Munsbach
L-5367,Schuttrange
L-5368,Schuttrange
L-5369,Schuttrange
L-5370,Schuttrange
L-5371,Schuttrange
L-5372,Munsbach
L-5372,Schuttrange
L-5373,Schuttrange
L-5374,Munsbach
L-5375,Schuttrange
L-5376,Uebersyren
L-5377,Uebersyren
L-5378,Uebersyren
L-5380,Uebersyren
L-5381,Schuttrange
L-7302,Steinsel
L-7302,Mullendorf
L-7303,Steinsel
L-7304,Heisdorf
L-7305,Mullendorf
L-7305,Steinsel
L-7306,Mullendorf
L-7307,Steinsel
L-7308,Heisdorf
L-7309,Steinsel
L-7310,Heisdorf
L-7311,Heisdorf
L-7312,Mullendorf
L-7313,Heisdorf
L-7314,Heisdorf
L-7315,Steinsel
L-7316,Steinsel
L-7317,Steinsel
L-7317,Mullendorf
L-7318,Heisdorf
L-7319,Steinsel
L-7320,Steinsel
L-7321,Mullendorf
L-7322,Steinsel
L-7323,Steinsel
L-7324,Mullendorf
L-7325,Heisdorf
L-7326,Mullendorf
L-7327,Steinsel
L-7328,Heisdorf
L-7329,Heisdorf
L-7330,Heisdorf
L-7331,Steinsel
L-7332,Mullendorf
L-7333,Steinsel
L-7334,Heisdorf
L-7335,Heisdorf
L-7336,Steinsel
L-7337,Heisdorf
L-7338,Heisdorf
L-7339,Steinsel
L-7340,Heisdorf
L-7341,Heisdorf
L-7342,Heisdorf
L-7343,Steinsel
L-7344,Steinsel
L-7345,Heisdorf
L-7346,Mullendorf
L-7347,Steinsel
L-7348,Heisdorf
L-7349,Heisdorf
L-1019,Strassen
L-1210,Strassen
L-1370,Strassen
L-1445,Strassen
L-1483,Strassen
L-1512,Strassen
L-1525,Strassen
L-2361,Strassen
L-2409,Strassen
L-2410,Strassen
L-2510,Strassen
L-8001,Strassen
L-8002,Strassen
L-8008,Strassen
L-8009,Strassen
L-8010,Strassen
L-8011,Strassen
L-8012,Strassen
L-8013,Strassen
L-8014,Strassen
L-8015,Strassen
L-8016,Strassen
L-8017,Strassen
L-8018,Strassen
L-8019,Strassen
L-8020,Strassen
L-8021,Strassen
L-8022,Strassen
L-8023,Strassen
L-8024,Strassen
L-8025,Strassen
L-8026,Strassen
L-8027,Strassen
L-8028,Strassen
L-8029,Strassen
L-8030,Strassen
L-8031,Strassen
L-8032,Strassen
L-8033,Strassen
L-8034,Strassen
L-8035,Strassen
L-8036,Strassen
L-8037,Strassen
L-8038,Strassen
L-8039,Strassen
L-8040,Strassen
L-8041,Strassen
L-8042,Strassen
L-8043,Strassen
L-8044,Strassen
L-8045,Strassen
L-8046,Strassen
L-8047,Strassen
L-8048,Strassen
L-8049,Strassen
L-8056,Strassen
L-8069,Strassen
L-8070,Strassen
L-8073,Strassen
L-8097,Strassen
L-8098,Strassen
L-8099,Strassen
L-8110,Strassen
L-8111,Strassen
L-8112,Strassen
L-8115,Strassen
L-8130,Strassen
L-8251,Strassen
L-7201,Bereldange
L-7202,Bereldange
L-7209,Walferdange
L-7210,Helmsange
L-7211,Helmsange
L-7212,Bereldange
L-7213,Bereldange
L-7214,Bereldange
L-7215,Bereldange
L-7216,Bereldange
L-7217,Bereldange
L-7218,Helmsange
L-7219,Helmsange
L-7220,Walferdange
L-7220,Helmsange
L-7221,Bereldange
L-7222,Walferdange
L-7223,Bereldange
L-7224,Walferdange
L-7225,Bereldange
L-7226,Helmsange
L-7226,Walferdange
L-7227,Bereldange
L-7228,Helmsange
L-7229,Helmsange
L-7230,Helmsange
L-7231,Helmsange
L-7232,Bereldange
L-7233,Bereldange
L-7234,Helmsange
L-7235,Bereldange
L-7236,Bereldange
L-7237,Helmsange
L-7238,Walferdange
L-7239,Bereldange
L-7240,Bereldange
L-7241,Bereldange
L-7242,Helmsange
L-7243,Bereldange
L-7244,Bereldange
L-7245,Bereldange
L-7246,Helmsange
L-7247,Helmsange
L-7248,Bereldange
L-7249,Bereldange
L-7250,Helmsange
L-7251,Helmsange
L-7252,Bereldange
L-7253,Walferdange
L-7254,Bereldange
L-7255,Helmsange
L-7256,Walferdange
L-7257,Helmsange
L-7258,Helmsange
L-7259,Bereldange
L-7260,Bereldange
L-7261,Helmsange
L-7262,Helmsange
L-7263,Helmsange
L-7264,Helmsange
L-7265,Bereldange
L-7268,Bereldange
L-7269,Walferdange
L-7270,Helmsange
L-7274,Walferdange
L-5760,Hassel
L-5761,Hassel
L-5762,Hassel
L-5770,Weiler-la-Tour
L-5771,Weiler-la-Tour
L-5772,Weiler-la-Tour
L-5773,Weiler-la-Tour
L-5774,Weiler-la-Tour
L-5775,Weiler-la-Tour
L-5776,Weiler-la-Tour
L-5898,Syren
L-5899,Syren
L-1111,Luxembourg
L-1112,Luxembourg
L-1113,Luxembourg
L-1114,Luxembourg
L-1115,Luxembourg
L-1116,Luxembourg
L-1117,Luxembourg
L-1118,Luxembourg
L-1119,Luxembourg
L-1120,Luxembourg
L-1121,Luxembourg
L-1122,Luxembourg
L-1123,Luxembourg
L-1124,Luxembourg
L-1125,Luxembourg
L-1126,Luxembourg
L-1127,Luxembourg
L-1128,Luxembourg
L-1129,Luxembourg
L-1130,Luxembourg
L-1131,Luxembourg
L-1132,Luxembourg
L-1133,Luxembourg
L-1134,Luxembourg
L-1135,Luxembourg
L-1136,Luxembourg
L-1138,Luxembourg
L-1139,Luxembourg
L-1140,Luxembourg
L-1141,Luxembourg
L-1142,Luxembourg
L-1143,Luxembourg
L-1144,Luxembourg
L-1145,Luxembourg
L-1146,Luxembourg
L-1147,Luxembourg
L-1148,Luxembourg
L-1149,Luxembourg
L-1150,Luxembourg
L-1151,Luxembourg
L-1152,Luxembourg
L-1153,Luxembourg
L-1159,Luxembourg
L-1160,Luxembourg
L-1161,Luxembourg
L-1208,Luxembourg
L-1210,Luxembourg
L-1211,Luxembourg
L-1212,Luxembourg
L-1213,Luxembourg
L-1214,Luxembourg
L-1215,Luxembourg
L-1217,Luxembourg
L-1218,Luxembourg
L-1219,Luxembourg
L-1220,Luxembourg
L-1221,Luxembourg
L-1222,Luxembourg
L-1224,Luxembourg
L-1225,Luxembourg
L-1226,Luxembourg
L-1227,Luxembourg
L-1229,Luxembourg
L-1230,Luxembourg
L-1233,Luxembourg
L-1234,Luxembourg
L-1235,Luxembourg
L-1236,Luxembourg
L-1237,Luxembourg
L-1238,Luxembourg
L-1240,Luxembourg
L-1241,Luxembourg
L-1242,Luxembourg
L-1243,Luxembourg
L-1244,Luxembourg
L-1246,Luxembourg
L-1247,Luxembourg
L-1248,Luxembourg
L-1249,Luxembourg
L-1250,Luxembourg
L-1251,Luxembourg
L-1252,Luxembourg
L-1253,Luxembourg
L-1254,Luxembourg
L-1255,Luxembourg
L-1256,Luxembourg
L-1257,Luxembourg
L-1258,Luxembourg
L-1260,Luxembourg
L-1261,Luxembourg
L-1262,Luxembourg
L-1263,Luxembourg
L-1264,Luxembourg
L-1265,Luxembourg
L-1266,Luxembourg
L-1267,Luxembourg
L-1268,Luxembourg
L-1269,Luxembourg
L-1270,Luxembourg
L-1271,Luxembourg
L-1272,Luxembourg
L-1273,Luxembourg
L-1275,Luxembourg
L-1276,Luxembourg
L-1277,Luxembourg
L-1278,Luxembourg
L-1279,Luxembourg
L-1280,Luxembourg
L-1281,Luxembourg
L-1282,Luxembourg
L-1283,Luxembourg
L-1309,Luxembourg
L-1310,Luxembourg
L-1311,Luxembourg
L-1312,Luxembourg
L-1313,Luxembourg
L-1314,Luxembourg
L-1315,Luxembourg
L-1316,Luxembourg
L-1317,Luxembourg
L-1318,Luxembourg
L-1319,Luxembourg
L-1320,Luxembourg
L-1321,Luxembourg
L-1322,Luxembourg
L-1323,Luxembourg
L-1324,Luxembourg
L-1325,Luxembourg
L-1326,Luxembourg
L-1327,Luxembourg
L-1328,Luxembourg
L-1329,Luxembourg
L-1330,Luxembourg
L-1331,Luxembourg
L-1332,Luxembourg
L-1333,Luxembourg
L-1334,Luxembourg
L-1335,Luxembourg
L-1336,Luxembourg
L-1337,Luxembourg
L-1338,Luxembourg
L-1339,Luxembourg
L-1340,Luxembourg
L-1341,Luxembourg
L-1342,Luxembourg
L-1343,Luxembourg
L-1344,Luxembourg
L-1345,Luxembourg
L-1346,Luxembourg
L-1347,Luxembourg
L-1348,Luxembourg
L-1349,Luxembourg
L-1351,Luxembourg
L-1352,Luxembourg
L-1354,Luxembourg
L-1355,Luxembourg
L-1356,Luxembourg
L-1357,Luxembourg
L-1358,Luxembourg
L-1359,Luxembourg
L-1361,Luxembourg
L-1362,Luxembourg
L-1364,Luxembourg
L-1365,Luxembourg
L-1366,Luxembourg
L-1367,Luxembourg
L-1368,Luxembourg
L-1369,Luxembourg
L-1370,Luxembourg
L-1371,Luxembourg
L-1372,Luxembourg
L-1373,Luxembourg
L-1374,Luxembourg
L-1375,Luxembourg
L-1376,Luxembourg
L-1409,Luxembourg
L-1411,Luxembourg
L-1412,Luxembourg
L-1413,Luxembourg
L-1414,Luxembourg
L-1415,Luxembourg
L-1416,Luxembourg
L-1417,Luxembourg
L-1418,Luxembourg
L-1419,Luxembourg
L-1420,Luxembourg
L-1421,Luxembourg
L-1422,Luxembourg
L-1424,Luxembourg
L-1425,Luxembourg
L-1426,Luxembourg
L-1427,Luxembourg
L-1428,Luxembourg
L-1429,Luxembourg
L-1430,Luxembourg
L-1431,Luxembourg
L-1432,Luxembourg
L-1433,Luxembourg
L-1434,Luxembourg
L-1449,Luxembourg
L-1450,Luxembourg
L-1451,Luxembourg
L-1452,Luxembourg
L-1453,Luxembourg
L-1454,Luxembourg
L-1456,Luxembourg
L-1457,Luxembourg
L-1458,Luxembourg
L-1459,Luxembourg
L-1460,Luxembourg
L-1461,Luxembourg
L-1462,Luxembourg
L-1463,Luxembourg
L-1464,Luxembourg
L-1465,Luxembourg
L-1466,Luxembourg
L-1468,Luxembourg
L-1469,Luxembourg
L-1470,Luxembourg
L-1471,Luxembourg
L-1472,Luxembourg
L-1473,Luxembourg
L-1474,Luxembourg
L-1475,Luxembourg
L-1476,Luxembourg
L-1477,Luxembourg
L-1478,Luxembourg
L-1479,Luxembourg
L-1480,Luxembourg
L-1481,Luxembourg
L-1482,Luxembourg
L-1484,Luxembourg
L-1490,Luxembourg
L-1499,Luxembourg
L-1509,Luxembourg
L-1510,Luxembourg
L-1511,Luxembourg
L-1512,Luxembourg
L-1513,Luxembourg
L-1514,Luxembourg
L-1515,Luxembourg
L-1516,Luxembourg
L-1517,Luxembourg
L-1518,Luxembourg
L-1519,Luxembourg
L-1520,Luxembourg
L-1521,Luxembourg
L-1522,Luxembourg
L-1524,Luxembourg
L-1525,Luxembourg
L-1526,Luxembourg
L-1527,Luxembourg
L-1528,Luxembourg
L-1529,Luxembourg
L-1530,Luxembourg
L-1531,Luxembourg
L-1532,Luxembourg
L-1533,Luxembourg
L-1534,Luxembourg
L-1535,Luxembourg
L-1536,Luxembourg
L-1537,Luxembourg
L-1538,Luxembourg
L-1539,Luxembourg
L-1540,Luxembourg
L-1541,Luxembourg
L-1542,Luxembourg
L-1543,Luxembourg
L-1544,Luxembourg
L-1545,Luxembourg
L-1546,Luxembourg
L-1547,Luxembourg
L-1548,Luxembourg
L-1549,Luxembourg
L-1550,Luxembourg
L-1551,Luxembourg
L-1552,Luxembourg
L-1553,Luxembourg
L-1610,Luxembourg
L-1611,Luxembourg
L-1613,Luxembourg
L-1615,Luxembourg
L-1616,Luxembourg
L-1617,Luxembourg
L-1618,Luxembourg
L-1619,Luxembourg
L-1620,Luxembourg
L-1621,Luxembourg
L-1622,Luxembourg
L-1623,Luxembourg
L-1624,Luxembourg
L-1626,Luxembourg
L-1627,Luxembourg
L-1628,Luxembourg
L-1629,Luxembourg
L-1630,Luxembourg
L-1631,Luxembourg
L-1632,Luxembourg
L-1633,Luxembourg
L-1634,Luxembourg
L-1635,Luxembourg
L-1636,Luxembourg
L-1637,Luxembourg
L-1639,Luxembourg
L-1640,Luxembourg
L-1641,Luxembourg
L-1642,Luxembourg
L-1643,Luxembourg
L-1644,Luxembourg
L-1645,Luxembourg
L-1647,Luxembourg
L-1648,Luxembourg
L-1649,Luxembourg
L-1650,Luxembourg
L-1651,Luxembourg
L-1652,Luxembourg
L-1653,Luxembourg
L-1654,Luxembourg
L-1655,Luxembourg
L-1656,Luxembourg
L-1660,Luxembourg
L-1661,Luxembourg
L-1710,Luxembourg
L-1711,Luxembourg
L-1712,Luxembourg
L-1713,Luxembourg
L-1714,Luxembourg
L-1715,Luxembourg
L-1716,Luxembourg
L-1717,Luxembourg
L-1718,Luxembourg
L-1719,Luxembourg
L-1720,Luxembourg
L-1721,Luxembourg
L-1722,Luxembourg
L-1723,Luxembourg
L-1724,Luxembourg
L-1725,Luxembourg
L-1726,Luxembourg
L-1727,Luxembourg
L-1728,Luxembourg
L-1729,Luxembourg
L-1730,Luxembourg
L-1731,Luxembourg
L-1732,Luxembourg
L-1733,Luxembourg
L-1734,Luxembourg
L-1735,Luxembourg
L-1737,Luxembourg
L-1738,Luxembourg
L-1739,Luxembourg
L-1740,Luxembourg
L-1741,Luxembourg
L-1742,Luxembourg
L-1743,Luxembourg
L-1744,Luxembourg
L-1745,Luxembourg
L-1746,Luxembourg
L-1747,Luxembourg
L-1750,Luxembourg
L-1752,Luxembourg
L-1753,Luxembourg
L-1754,Luxembourg
L-1811,Luxembourg
L-1812,Luxembourg
L-1814,Luxembourg
L-1815,Luxembourg
L-1817,Luxembourg
L-1820,Luxembourg
L-1821,Luxembourg
L-1822,Luxembourg
L-1831,Luxembourg
L-1832,Luxembourg
L-1833,Luxembourg
L-1834,Luxembourg
L-1835,Luxembourg
L-1836,Luxembourg
L-1837,Luxembourg
L-1838,Luxembourg
L-1839,Luxembourg
L-1840,Luxembourg
L-1841,Luxembourg
L-1845,Luxembourg
L-1846,Luxembourg
L-1850,Luxembourg
L-1851,Luxembourg
L-1852,Luxembourg
L-1853,Luxembourg
L-1854,Luxembourg
L-1855,Luxembourg
L-1856,Luxembourg
L-1857,Luxembourg
L-1858,Luxembourg
L-1859,Luxembourg
L-1860,Luxembourg
L-1861,Luxembourg
L-1862,Luxembourg
L-1863,Luxembourg
L-1864,Luxembourg
L-1865,Luxembourg
L-1866,Luxembourg
L-1868,Luxembourg
L-1870,Luxembourg
L-1871,Luxembourg
L-1872,Luxembourg
L-1873,Luxembourg
L-1874,Luxembourg
L-1880,Luxembourg
L-1881,Luxembourg
L-1882,Luxembourg
L-1899,Luxembourg
L-1910,Luxembourg
L-1911,Luxembourg
L-1912,Luxembourg
L-1913,Luxembourg
L-1914,Luxembourg
L-1915,Luxembourg
L-1916,Luxembourg
L-1917,Luxembourg
L-1918,Luxembourg
L-1919,Luxembourg
L-1920,Luxembourg
L-1921,Luxembourg
L-1922,Luxembourg
L-1923,Luxembourg
L-1924,Luxembourg
L-1925,Luxembourg
L-1926,Luxembourg
L-1927,Luxembourg
L-1928,Luxembourg
L-1929,Luxembourg
L-1930,Luxembourg
L-1931,Luxembourg
L-1932,Luxembourg
L-1933,Luxembourg
L-1934,Luxembourg
L-1935,Luxembourg
L-1936,Luxembourg
L-1937,Luxembourg
L-1938,Luxembourg
L-1939,Luxembourg
L-1940,Luxembourg
L-1941,Luxembourg
L-1942,Luxembourg
L-1943,Luxembourg
L-1944,Luxembourg
L-1945,Luxembourg
L-1946,Luxembourg
L-1947,Luxembourg
L-1948,Luxembourg
L-1950,Luxembourg
L-1951,Luxembourg
L-1952,Luxembourg
L-1953,Luxembourg
L-1954,Luxembourg
L-1955,Luxembourg
L-2111,Luxembourg
L-2113,Luxembourg
L-2114,Luxembourg
L-2115,Luxembourg
L-2116,Luxembourg
L-2117,Luxembourg
L-2118,Luxembourg
L-2119,Luxembourg
L-2120,Luxembourg
L-2121,Luxembourg
L-2122,Luxembourg
L-2123,Luxembourg
L-2124,Luxembourg
L-2125,Luxembourg
L-2127,Luxembourg
L-2128,Luxembourg
L-2130,Luxembourg
L-2131,Luxembourg
L-2132,Luxembourg
L-2133,Luxembourg
L-2134,Luxembourg
L-2135,Luxembourg
L-2137,Luxembourg
L-2138,Luxembourg
L-2139,Luxembourg
L-2140,Luxembourg
L-2141,Luxembourg
L-2142,Luxembourg
L-2143,Luxembourg
L-2144,Luxembourg
L-2145,Luxembourg
L-2146,Luxembourg
L-2147,Luxembourg
L-2148,Luxembourg
L-2149,Luxembourg
L-2150,Luxembourg
L-2151,Luxembourg
L-2152,Luxembourg
L-2153,Luxembourg
L-2154,Luxembourg
L-2155,Luxembourg
L-2156,Luxembourg
L-2157,Luxembourg
L-2158,Luxembourg
L-2159,Luxembourg
L-2160,Luxembourg
L-2161,Luxembourg
L-2162,Luxembourg
L-2163,Luxembourg
L-2164,Luxembourg
L-2165,Luxembourg
L-2166,Luxembourg
L-2167,Luxembourg
L-2168,Luxembourg
L-2169,Luxembourg
L-2171,Luxembourg
L-2172,Luxembourg
L-2173,Luxembourg
L-2174,Luxembourg
L-2175,Luxembourg
L-2176,Luxembourg
L-2177,Luxembourg
L-2178,Luxembourg
L-2179,Luxembourg
L-2180,Luxembourg
L-2181,Luxembourg
L-2182,Luxembourg
L-2183,Luxembourg
L-2184,Luxembourg
L-2210,Luxembourg
L-2211,Luxembourg
L-2212,Luxembourg
L-2213,Luxembourg
L-2214,Luxembourg
L-2215,Luxembourg
L-2220,Luxembourg
L-2221,Luxembourg
L-2222,Luxembourg
L-2223,Luxembourg
L-2224,Luxembourg
L-2225,Luxembourg
L-2226,Luxembourg
L-2227,Luxembourg
L-2228,Luxembourg
L-2229,Luxembourg
L-2230,Luxembourg
L-2231,Luxembourg
L-2232,Luxembourg
L-2233,Luxembourg
L-2234,Luxembourg
L-2240,Luxembourg
L-2241,Luxembourg
L-2242,Luxembourg
L-2243,Luxembourg
L-2261,Luxembourg
L-2262,Luxembourg
L-2263,Luxembourg
L-2265,Luxembourg
L-2266,Luxembourg
L-2267,Luxembourg
L-2268,Luxembourg
L-2269,Luxembourg
L-2270,Luxembourg
L-2271,Luxembourg
L-2273,Luxembourg
L-2308,Luxembourg
L-2309,Luxembourg
L-2310,Luxembourg
L-2311,Luxembourg
L-2312,Luxembourg
L-2313,Luxembourg
L-2314,Luxembourg
L-2316,Luxembourg
L-2318,Luxembourg
L-2320,Luxembourg
L-2322,Luxembourg
L-2323,Luxembourg
L-2324,Luxembourg
L-2326,Luxembourg
L-2327,Luxembourg
L-2328,Luxembourg
L-2329,Luxembourg
L-2330,Luxembourg
L-2331,Luxembourg
L-2332,Luxembourg
L-2333,Luxembourg
L-2334,Luxembourg
L-2335,Luxembourg
L-2336,Luxembourg
L-2337,Luxembourg
L-2338,Luxembourg
L-2339,Luxembourg
L-2340,Luxembourg
L-2341,Luxembourg
L-2342,Luxembourg
L-2343,Luxembourg
L-2344,Luxembourg
L-2345,Luxembourg
L-2346,Luxembourg
L-2347,Luxembourg
L-2348,Luxembourg
L-2349,Luxembourg
L-2350,Luxembourg
L-2351,Luxembourg
L-2352,Luxembourg
L-2353,Luxembourg
L-2354,Luxembourg
L-2355,Luxembourg
L-2356,Luxembourg
L-2358,Luxembourg
L-2359,Luxembourg
L-2360,Luxembourg
L-2380,Luxembourg
L-2381,Luxembourg
L-2410,Luxembourg
L-2411,Luxembourg
L-2412,Luxembourg
L-2413,Luxembourg
L-2414,Luxembourg
L-2415,Luxembourg
L-2417,Luxembourg
L-2418,Luxembourg
L-2419,Luxembourg
L-2420,Luxembourg
L-2422,Luxembourg
L-2423,Luxembourg
L-2424,Luxembourg
L-2426,Luxembourg
L-2427,Luxembourg
L-2428,Luxembourg
L-2429,Luxembourg
L-2430,Luxembourg
L-2431,Luxembourg
L-2432,Luxembourg
L-2433,Luxembourg
L-2435,Luxembourg
L-2436,Luxembourg
L-2440,Luxembourg
L-2441,Luxembourg
L-2442,Luxembourg
L-2444,Luxembourg
L-2445,Luxembourg
L-2447,Luxembourg
L-2448,Luxembourg
L-2449,Luxembourg
L-2450,Luxembourg
L-2451,Luxembourg
L-2452,Luxembourg
L-2453,Luxembourg
L-2454,Luxembourg
L-2455,Luxembourg
L-2511,Luxembourg
L-2512,Luxembourg
L-2514,Luxembourg
L-2515,Luxembourg
L-2516,Luxembourg
L-2517,Luxembourg
L-2518,Luxembourg
L-2519,Luxembourg
L-2520,Luxembourg
L-2521,Luxembourg
L-2522,Luxembourg
L-2523,Luxembourg
L-2525,Luxembourg
L-2526,Luxembourg
L-2527,Luxembourg
L-2528,Luxembourg
L-2530,Luxembourg
L-2531,Luxembourg
L-2532,Luxembourg
L-2533,Luxembourg
L-2534,Luxembourg
L-2535,Luxembourg
L-2536,Luxembourg
L-2537,Luxembourg
L-2538,Luxembourg
L-2539,Luxembourg
L-2540,Luxembourg
L-2541,Luxembourg
L-2542,Luxembourg
L-2543,Luxembourg
L-2544,Luxembourg
L-2546,Luxembourg
L-2547,Luxembourg
L-2548,Luxembourg
L-2549,Luxembourg
L-2550,Luxembourg
L-2551,Luxembourg
L-2552,Luxembourg
L-2553,Luxembourg
L-2554,Luxembourg
L-2555,Luxembourg
L-2556,Luxembourg
L-2557,Luxembourg
L-2558,Luxembourg
L-2559,Luxembourg
L-2560,Luxembourg
L-2561,Luxembourg
L-2562,Luxembourg
L-2563,Luxembourg
L-2564,Luxembourg
L-2565,Luxembourg
L-2566,Luxembourg
L-2567,Luxembourg
L-2568,Luxembourg
L-2607,Luxembourg
L-2608,Luxembourg
L-2609,Luxembourg
L-2610,Luxembourg
L-2611,Luxembourg
L-2612,Luxembourg
L-2613,Luxembourg
L-2614,Luxembourg
L-2615,Luxembourg
L-2616,Luxembourg
L-2617,Luxembourg
L-2619,Luxembourg
L-2620,Luxembourg
L-2621,Luxembourg
L-2622,Luxembourg
L-2623,Luxembourg
L-2624,Luxembourg
L-2625,Luxembourg
L-2626,Luxembourg
L-2627,Luxembourg
L-2628,Luxembourg
L-2629,Luxembourg
L-2630,Luxembourg
L-2631,Luxembourg
L-2634,Luxembourg
L-2635,Luxembourg
L-2636,Luxembourg
L-2637,Luxembourg
L-2651,Luxembourg
L-2652,Luxembourg
L-2653,Luxembourg
L-2654,Luxembourg
L-2661,Luxembourg
L-2662,Luxembourg
L-2663,Luxembourg
L-2664,Luxembourg
L-2665,Luxembourg
L-2666,Luxembourg
L-2667,Luxembourg
L-2668,Luxembourg
L-2669,Luxembourg
L-2670,Luxembourg
L-2671,Luxembourg
L-2672,Luxembourg
L-2673,Luxembourg
L-2674,Luxembourg
L-2680,Luxembourg
L-2681,Luxembourg
L-2711,Luxembourg
L-2713,Luxembourg
L-2714,Luxembourg
L-2715,Luxembourg
L-2716,Luxembourg
L-2717,Luxembourg
L-2718,Luxembourg
L-2719,Luxembourg
L-2720,Luxembourg
L-2721,Luxembourg
L-2722,Luxembourg
L-2724,Luxembourg
L-2725,Luxembourg
L-2726,Luxembourg
L-2728,Luxembourg
L-2729,Luxembourg
L-2730,Luxembourg
L-2731,Luxembourg
L-2732,Luxembourg
L-2733,Luxembourg
L-2734,Luxembourg
L-2736,Luxembourg
L-2737,Luxembourg
L-2738,Luxembourg
L-2739,Luxembourg
L-2740,Luxembourg
L-2741,Luxembourg
L-2761,Luxembourg
L-2762,Luxembourg
L-2763,Luxembourg
L-2764,Luxembourg
L-7701,Colmar-Berg
L-7710,Colmar-Berg
L-7711,Colmar-Berg
L-7712,Colmar-Berg
L-7713,Welsdorf
L-7714,Colmar-Berg
L-7715,Colmar-Berg
L-7716,Colmar-Berg
L-7720,Colmar-Berg
L-7721,Colmar-Berg
L-7722,Colmar-Berg
L-7723,Welsdorf
L-7724,Colmar-Berg
L-7726,Colmar-Berg
L-7727,Colmar-Berg
L-7730,Colmar-Berg
L-7731,Colmar-Berg
L-7732,Colmar-Berg
L-7733,Colmar-Berg
L-7734,Colmar-Berg
L-7735,Colmar-Berg
L-7737,Colmar-Berg
L-7739,Colmar-Berg
L-7740,Colmar-Berg
L-7741,Colmar-Berg
L-7750,Colmar-Berg
L-7703,Bissen
L-7759,Roost (Bissen)
L-7760,Bissen
L-7761,Bissen
L-7762,Bissen
L-7763,Bissen
L-7764,Bissen
L-7765,Bissen
L-7766,Bissen
L-7767,Bissen
L-7768,Bissen
L-7769,Bissen
L-7770,Bissen
L-7771,Bissen
L-7772,Bissen
L-7773,Bissen
L-7774,Bissen
L-7777,Bissen
L-7778,Bissen
L-7779,Bissen
L-7780,Bissen
L-7781,Bissen
L-7782,Bissen
L-7783,Bissen
L-7784,Bissen
L-7785,Bissen
L-7786,Bissen
L-7787,Bissen
L-7788,Bissen
L-7789,Bissen
L-7790,Bissen
L-7791,Bissen
L-7792,Bissen
L-7793,Bissen
L-7794,Bissen
L-7795,Bissen
L-7796,Bissen
L-7415,Brouch
L-7416,Brouch
L-7417,Brouch
L-7418,Buschdorf
L-7425,Openthalt
L-7425,Bill
L-7425,Finsterthal
L-7433,Grevenknapp
L-8710,Boevange-sur-Attert
L-8711,Boevange-sur-Attert
L-6155,Weyer
L-6155,Stuppicht
L-6155,Koedange
L-6175,Schiltzberg
L-7410,Angelsberg
L-7430,Fischbach
L-7475,Schoos
L-7625,Heffingen
L-7634,Heffingen
L-7639,Reuland
L-7650,Heffingen
L-7651,Heffingen
L-7652,Heffingen
L-7653,Heffingen
L-7670,Reuland
L-7673,Heffingen
L-7601,Larochette
L-7610,Larochette
L-7612,Larochette
L-7613,Larochette
L-7615,Larochette
L-7618,Larochette
L-7619,Larochette
L-7620,Larochette
L-7621,Larochette
L-7622,Larochette
L-7623,Larochette
L-7624,Larochette
L-7625,Larochette
L-7626,Larochette
L-7627,Larochette
L-7633,Larochette
L-7634,Larochette
L-7635,Ernzen
L-7636,Ernzen
L-6155,Lintgen
L-7432,Gosseldange
L-7440,Lintgen
L-7441,Lintgen
L-7442,Lintgen
L-7443,Lintgen
L-7444,Lintgen
L-7445,Lintgen
L-7446,Lintgen
L-7447,Lintgen
L-7448,Lintgen
L-7449,Lintgen
L-7450,Lintgen
L-7451,Lintgen
L-7452,Lintgen
L-7453,Lintgen
L-7454,Lintgen
L-7455,Lintgen
L-7456,Lintgen
L-7457,Lintgen
L-7458,Lintgen
L-7460,Prettingen
L-7350,Lorentzweiler
L-7351,Helmdange
L-7352,Helmdange
L-7353,Lorentzweiler
L-7354,Helmdange
L-7355,Helmdange
L-7356,Lorentzweiler
L-7356,Helmdange
L-7357,Helmdange
L-7358,Lorentzweiler
L-7359,Lorentzweiler
L-7360,Helmdange
L-7361,Lorentzweiler
L-7362,Bofferdange
L-7363,Lorentzweiler
L-7364,Bofferdange
L-7370,Lorentzweiler
L-7371,Helmdange
L-7372,Lorentzweiler
L-7373,Lorentzweiler
L-7373,Helmdange
L-7374,Bofferdange
L-7374,Helmdange
L-7375,Lorentzweiler
L-7376,Bofferdange
L-7377,Lorentzweiler
L-7378,Bofferdange
L-7379,Lorentzweiler
L-7380,Lorentzweiler
L-7381,Bofferdange
L-7382,Helmdange
L-7383,Lorentzweiler
L-7384,Lorentzweiler
L-7390,Blaschette
L-7391,Blaschette
L-7392,Blaschette
L-7392,Klingelscheuer
L-7392,Asselscheuer
L-7395,Hunsdorf
L-7396,Hunsdorf
L-7397,Hunsdorf
L-7409,Beringen
L-7410,Mersch
L-7415,Reckange
L-7424,Essingen
L-7425,Reckange
L-7462,Moesdorf
L-7463,Moesdorf
L-7463,Pettingen
L-7464,Moesdorf
L-7473,Schoenfels
L-7501,Mersch
L-7502,Mersch
L-7511,Rollingen
L-7512,Mersch
L-7513,Mersch
L-7514,Mersch
L-7515,Mersch
L-7516,Rollingen
L-7517,Mersch
L-7518,Rollingen
L-7519,Mersch
L-7520,Mersch
L-7521,Mersch
L-7522,Mersch
L-7523,Mersch
L-7524,Mersch
L-7525,Mersch
L-7526,Mersch
L-7527,Rollingen
L-7531,Mersch
L-7532,Rollingen
L-7533,Mersch
L-7534,Mersch
L-7535,Mersch
L-7536,Mersch
L-7537,Rollingen
L-7538,Mersch
L-7539,Rollingen
L-7540,Rollingen
L-7541,Mersch
L-7542,Mersch
L-7543,Mersch
L-7543,Rollingen
L-7544,Mersch
L-7545,Mersch
L-7546,Rollingen
L-7547,Rollingen
L-7553,Mersch
L-7554,Mersch
L-7555,Mersch
L-7556,Mersch
L-7557,Mersch
L-7558,Rollingen
L-7559,Mersch
L-7560,Mersch
L-7561,Mersch
L-7562,Mersch
L-7563,Mersch
L-7564,Mersch
L-7565,Mersch
L-7566,Mersch
L-7567,Rollingen
L-7568,Mersch
L-7569,Mersch
L-7570,Mersch
L-7571,Mersch
L-7572,Mersch
L-7573,Mersch
L-7590,Mersch
L-7590,Beringen
L-7591,Beringen
L-7592,Beringen
L-7593,Beringen
L-7594,Beringen
L-7595,Reckange
L-7596,Reckange
L-7597,Reckange
L-7598,Reckange
L-7599,Mersch
L-7759,Essingen
L-7420,Cruchten
L-7421,Cruchten
L-7431,Niederglabach
L-7431,Oberglabach
L-7465,Nommern
L-9184,Schrondweiler
L-7411,Ansembourg
L-7411,Marienthal
L-7412,Bour
L-7435,Hollenfels
L-7480,Tuntange
L-7481,Tuntange
L-7482,Tuntange
L-8293,Claushof
L-8521,Beckerich
L-8522,Beckerich
L-8523,Beckerich
L-8533,Elvange
L-8538,Hovelange
L-8539,Huttange
L-8543,Levelange
L-8550,Noerdange
L-8551,Noerdange
L-8552,Oberpallen
L-8562,Schweich
L-8526,Colpach-Bas
L-8527,Colpach-Bas
L-8528,Colpach-Haut
L-8530,Ell
L-8531,Ell
L-8557,Petit-Nobressart
L-8560,Roodt (Ell)
L-8537,Hostert
L-8546,Hostert
L-8801,Rambrouch
L-8805,Hostert
L-8805,Rambrouch
L-8806,Rambrouch
L-8808,Arsdorf
L-8809,Arsdorf
L-8811,Bilsdorf
L-8812,Flatzbour
L-8812,Bigonville
L-8812,Bigonville-Poteau
L-8813,Bigonville
L-8814,Bigonville
L-8817,Eschette
L-8820,Holtz
L-8821,Koetschette
L-8821,Riesenhof
L-8823,Haut-Martelange
L-8824,Perlé
L-8825,Perlé
L-8826,Perlé
L-8832,Rombach-Martelange
L-8833,Wolwelange
L-8834,Folschette
L-8835,Folschette
L-8818,Grevels (Grosbous)
L-9144,Lehrhof
L-9144,Dellen
L-9154,Grosbous
L-9155,Grosbous
L-8506,Redange/Attert
L-8507,Redange/Attert
L-8508,Redange/Attert
L-8509,Redange/Attert
L-8510,Redange/Attert
L-8511,Redange/Attert
L-8540,Eltz
L-8540,Ospern
L-8542,Lannen
L-8544,Nagem
L-8545,Niederpallen
L-8558,Reichlange
L-7470,Saeul
L-7471,Saeul
L-8525,Calmus
L-8529,Ehner
L-8541,Kapweiler
L-8561,Schwebach
L-8620,Schandel
L-8701,Useldange
L-8705,Useldange
L-8706,Useldange
L-8707,Useldange
L-8708,Useldange
L-8715,Everlange
L-8720,Rippweiler
L-9173,Michelbouch
L-9173,Vichten
L-9188,Vichten
L-9189,Vichten
L-9190,Vichten
L-8610,Buschrodt
L-8816,Brattert
L-8818,Grevels
L-8818,Wahl
L-8819,Heispelt
L-8822,Kuborn
L-8831,Rindschleiden
L-8838,Wahl
L-8558,Platen
L-8606,Bettborn
L-8609,Bettborn
L-8611,Platen
L-8612,Pratz
L-8613,Pratz
L-8614,Reimberg
L-8615,Platen
L-5402,Assel
L-5407,Bous
L-5408,Bous
L-5421,Erpeldange
L-5422,Erpeldange
L-5443,Rolling
L-5421,Welfrange
L-5605,Dalheim
L-5680,Dalheim
L-5681,Dalheim
L-5682,Dalheim
L-5683,Dalheim
L-5684,Dalheim
L-5685,Dalheim
L-5686,Dalheim
L-5687,Dalheim
L-5698,Welfrange
L-5730,Filsdorf
L-5740,Filsdorf
L-5741,Filsdorf
L-5898,Dalheim
L-5353,Canach
L-5411,Canach
L-5412,Canach
L-5413,Canach
L-5414,Canach
L-5415,Canach
L-5430,Lenningen
L-5431,Lenningen
L-5601,Mondorf-les-Bains
L-5602,Mondorf-les-Bains
L-5610,Mondorf-les-Bains
L-5611,Mondorf-les-Bains
L-5612,Mondorf-les-Bains
L-5613,Mondorf-les-Bains
L-5614,Mondorf-les-Bains
L-5615,Mondorf-les-Bains
L-5616,Mondorf-les-Bains
L-5617,Mondorf-les-Bains
L-5618,Mondorf-les-Bains
L-5619,Mondorf-les-Bains
L-5620,Mondorf-les-Bains
L-5626,Mondorf-les-Bains
L-5627,Mondorf-les-Bains
L-5628,Mondorf-les-Bains
L-5629,Mondorf-les-Bains
L-5630,Mondorf-les-Bains
L-5631,Mondorf-les-Bains
L-5632,Mondorf-les-Bains
L-5633,Mondorf-les-Bains
L-5634,Mondorf-les-Bains
L-5635,Mondorf-les-Bains
L-5636,Mondorf-les-Bains
L-5637,Mondorf-les-Bains
L-5638,Mondorf-les-Bains
L-5639,Mondorf-les-Bains
L-5640,Mondorf-les-Bains
L-5650,Mondorf-les-Bains
L-5651,Mondorf-les-Bains
L-5652,Mondorf-les-Bains
L-5653,Mondorf-les-Bains
L-5654,Mondorf-les-Bains
L-5655,Mondorf-les-Bains
L-5656,Mondorf-les-Bains
L-5657,Mondorf-les-Bains
L-5658,Mondorf-les-Bains
L-5659,Mondorf-les-Bains
L-5670,Altwies
L-5671,Altwies
L-5690,Ellange
L-5691,Ellange
L-5403,Bech-Kleinmacher
L-5404,Bech-Kleinmacher
L-5405,Bech-Kleinmacher
L-5422,Bech-Kleinmacher
L-5439,Remerschen
L-5440,Remerschen
L-5441,Remerschen
L-5444,Schengen
L-5445,Schengen
L-5446,Schengen
L-5447,Schwebsingen
L-5470,Wellenstein
L-5471,Wellenstein
L-5495,Wintrange
L-5675,Burmerange
L-5692,Elvange
L-5693,Elvange
L-5695,Emerange
L-5501,Remich
L-5511,Remich
L-5512,Remich
L-5513,Remich
L-5514,Remich
L-5515,Remich
L-5516,Remich
L-5517,Remich
L-5518,Remich
L-5519,Remich
L-5520,Remich
L-5521,Remich
L-5522,Remich
L-5523,Remich
L-5530,Remich
L-5531,Remich
L-5532,Remich
L-5533,Remich
L-5534,Remich
L-5535,Remich
L-5536,Remich
L-5537,Remich
L-5538,Remich
L-5539,Remich
L-5540,Remich
L-5544,Remich
L-5548,Remich
L-5549,Remich
L-5550,Remich
L-5551,Remich
L-5552,Remich
L-5553,Remich
L-5554,Remich
L-5555,Remich
L-5556,Remich
L-5557,Remich
L-5558,Remich
L-5559,Remich
L-5560,Remich
L-5561,Remich
L-5570,Remich
L-5571,Remich
L-5572,Remich
L-5573,Remich
L-5574,Remich
L-5575,Remich
L-5576,Remich
L-5577,Remich
L-5412,Greiveldange
L-5426,Greiveldange
L-5427,Greiveldange
L-5429,Huettermuehle
L-5450,Stadtbredimus
L-5451,Stadtbredimus
L-5423,Ersange
L-5442,Roedt
L-5460,Trintange
L-5465,Waldbredimus
L-5466,Waldbredimus
L-9350,Bastendorf
L-9351,Bastendorf
L-9359,Bastendorf
L-9359,Seltz
L-9360,Brandenbourg
L-9361,Brandenbourg
L-9378,Këppenhaff
L-9395,Tandel
L-9451,Bettel
L-9452,Bettel
L-9454,Fouhren
L-9455,Fouhren
L-9457,Landscheid
L-9458,Landscheid
L-9458,Hoscheidterhof
L-9458,Brandenbourg
L-9459,Longsdorf
L-9465,Walsdorf
L-9375,Gralingen
L-9380,Merscheid
L-9453,Bivels
L-9461,Nachtmanderscheid
L-9462,Putscheid
L-9463,Stolzembourg
L-9464,Stolzembourg
L-9466,Weiler
L-9401,Vianden
L-9405,Vianden
L-9406,Vianden
L-9407,Vianden
L-9408,Vianden
L-9409,Vianden
L-9410,Vianden
L-9411,Vianden
L-9412,Vianden
L-9414,Vianden
L-9415,Vianden
L-9416,Vianden
L-9417,Vianden
L-9418,Vianden
L-9419,Vianden
L-9420,Vianden
L-9421,Vianden
L-9422,Vianden
L-9423,Vianden
L-9424,Vianden
L-9425,Vianden
L-9426,Vianden
L-9440,Vianden
L-9633,Baschleiden
L-9633,Boulaide
L-9639,Boulaide
L-9640,Boulaide
L-9687,Surré
L-9144,Hierheck
L-9150,Eschdorf
L-9151,Eschdorf
L-9156,Heiderscheid
L-9157,Heiderscheid
L-9158,Heiderscheid
L-9165,Merscheid
L-9181,Ringel
L-9181,Tadler
L-9650,Esch-sur-Sûre
L-9659,Heiderscheidergrund
L-9660,Bonnal
L-9660,Insenborn
L-9666,Lultzhausen
L-9671,Neunhausen
L-9153,Dirbach (Goesdorf)
L-9153,Goebelsmuehle
L-9637,Bockholtz (Goesdorf)
L-9643,Buederscheid
L-9644,Dahl
L-9653,Goesdorf
L-9668,Masseler
L-9674,Nocher
L-9674,Nocher-Route
L-9635,Bavigne
L-9655,Harlange
L-9656,Harlange
L-9657,Harlange
L-9662,Kaundorf
L-9665,Liefrange
L-9669,Mecher (Haute-Sûre)
L-9678,Nothum
L-9689,Tarchamps
L-9690,Watrange
L-9501,Wiltz
L-9502,Wiltz
L-9510,Wiltz
L-9511,Wiltz
L-9512,Wiltz
L-9513,Wiltz
L-9514,Wiltz
L-9515,Wiltz
L-9516,Wiltz
L-9517,Weidingen
L-9518,Erpeldange
L-9518,Weidingen
L-9519,Wiltz
L-9520,Wiltz
L-9521,Wiltz
L-9522,Wiltz
L-9523,Wiltz
L-9530,Wiltz
L-9531,Wiltz
L-9532,Wiltz
L-9533,Wiltz
L-9534,Wiltz
L-9535,Weidingen
L-9536,Wiltz
L-9537,Wiltz
L-9538,Wiltz
L-9539,Wiltz
L-9540,Wiltz
L-9541,Wiltz
L-9542,Wiltz
L-9543,Wiltz
L-9544,Wiltz
L-9545,Wiltz
L-9549,Wiltz
L-9550,Wiltz
L-9551,Wiltz
L-9552,Wiltz
L-9553,Weidingen
L-9554,Wiltz
L-9555,Wiltz
L-9556,Wiltz
L-9557,Wiltz
L-9558,Wiltz
L-9559,Wiltz
L-9560,Wiltz
L-9565,Wiltz
L-9570,Wiltz
L-9571,Wiltz
L-9572,Weidingen
L-9573,Wiltz
L-9574,Wiltz
L-9575,Wiltz
L-9576,Weidingen
L-9577,Wiltz
L-9578,Wiltz
L-9579,Weidingen
L-9648,Erpeldange
L-9651,Eschweiler
L-9674,Wiltz
L-9681,Roullingen
L-9682,Selscheid
L-9696,Wiltz
L-9759,Knaphoscheid
L-9636,Berlé
L-9638,Pommerloch
L-9647,Doncols
L-9647,Sonlez
L-9654,Schleif
L-9654,Gruemelscheid
L-9676,Noertrange
L-9696,Winseler
L-9632,Alscheid
L-9663,Kautenbach
L-9670,Merkholtz
L-9747,Enscherange
L-9760,Lellingen
L-9767,Pintsch
L-9776,Wilwerwiltz
